Nama,Jenis Kelamin
Aam,Laki-Laki
Aang,Laki-Laki
Aarief,Laki-Laki
Abba,Laki-Laki
Abbie,Laki-Laki
Abdi,Laki-Laki
Abdimandala,Laki-Laki
Abe,Laki-Laki
Abhinaya,Laki-Laki
Abie,Laki-Laki
Abil,Laki-Laki
Abimanyu,Laki-Laki
Abimayu,Laki-Laki
Abiputra,Laki-Laki
Acas,Laki-Laki
Acawarman,Laki-Laki
Acep,Laki-Laki
Adam,Laki-Laki
Ade,Laki-Laki
Adhen,Laki-Laki
Adhi,Laki-Laki
Adhi,Laki-Laki
Adhien,Laki-Laki
Adhin,Laki-Laki
Adhitama,Laki-Laki
Adhitya,Laki-Laki
Adhlan,Laki-Laki
Adhlino,Laki-Laki
Adhyana,Laki-Laki
Adi,Laki-Laki
Adi,Laki-Laki
Adi,Laki-Laki
Adi,Laki-Laki
Adiansyah,Laki-Laki
Adiatmika,Laki-Laki
Adie,Laki-Laki
Adil,Laki-Laki
Adimin,Laki-Laki
Adin,Laki-Laki
Adinda,Laki-Laki
Adiputra,Laki-Laki
Adiputro,Laki-Laki
Adirangga,Laki-Laki
Adis,Laki-Laki
Adit,Laki-Laki
Aditama,Laki-Laki
Adithya,Laki-Laki
Aditia,Laki-Laki
Aditputra,Laki-Laki
Aditya,Laki-Laki
Adjir,Laki-Laki
Adlan,Laki-Laki
Adnan,Laki-Laki
Adri,Laki-Laki
Adrian,Laki-Laki
Adrians,Laki-Laki
Adriansyah,Laki-Laki
Ady,Laki-Laki
Adyaksa,Laki-Laki
Affranda,Laki-Laki
Afgan,Laki-Laki
Afgani,Laki-Laki
Afghan,Laki-Laki
Afrand,Laki-Laki
Afranda,Laki-Laki
Afriyandi,Laki-Laki
Agam,Laki-Laki
Aggasi,Laki-Laki
Aguna,Laki-Laki
Agung,Laki-Laki
Agung,Laki-Laki
Agung,Laki-Laki
Agus,Laki-Laki
Agus,Laki-Laki
Agustadi,Laki-Laki
Agustian,Laki-Laki
Ahab,Laki-Laki
Ahdya,Laki-Laki
Ahmad,Laki-Laki
Ahmad,Laki-Laki
Ahya,Laki-Laki
Airlangga,Laki-Laki
Aji,Laki-Laki
Aji,Laki-Laki
Ajib,Laki-Laki
Ajis,Laki-Laki
Ajisaka,Laki-Laki
Akas,Laki-Laki
Akbar,Laki-Laki
Akhbar,Laki-Laki
Akhbar,Laki-Laki
Akhsan,Laki-Laki
Akik,Laki-Laki
Aksam,Laki-Laki
Aksan,Laki-Laki
Al-farizi,Laki-Laki
Alam,Laki-Laki
Alamsyah,Laki-Laki
Alan,Laki-Laki
Aldhee,Laki-Laki
Aldi,Laki-Laki
Alditya,Laki-Laki
Aldizar,Laki-Laki
Aldo,Laki-Laki
Aldy,Laki-Laki
Alfan,Laki-Laki
Alfarizi,Laki-Laki
Ali,Laki-Laki
Ali,Laki-Laki
Alib,Laki-Laki
Alief,Laki-Laki
Aliendra,Laki-Laki
Alif,Laki-Laki
Aliman,Laki-Laki
Alimanan,Laki-Laki
Aliwibowo,Laki-Laki
Aliwibowo,Laki-Laki
Alli,Laki-Laki
Alpiansyah,Laki-Laki
Alryan,Laki-Laki
Altin,Laki-Laki
Alton,Laki-Laki
Alvarendra,Laki-Laki
Alyendra,Laki-Laki
Amang,Laki-Laki
Ameer,Laki-Laki
Amen,Laki-Laki
Amir,Laki-Laki
Amri,Laki-Laki
Anabolan,Laki-Laki
Anak,Laki-Laki
Anantoseno,Laki-Laki
Andam,Laki-Laki
Andan,Laki-Laki
Andana,Laki-Laki
Andani,Laki-Laki
Andhani,Laki-Laki
Andhika,Laki-Laki
Andi,Laki-Laki
Andika,Laki-Laki
Andika,Laki-Laki
Andoko,Laki-Laki
Andre,Laki-Laki
Andri,Laki-Laki
Andriansyah,Laki-Laki
Andriko,Laki-Laki
Andriyadi,Laki-Laki
Andrizal,Laki-Laki
Andrizky,Laki-Laki
Angga,Laki-Laki
Anggara,Laki-Laki
Anggaru,Laki-Laki
Anggoro,Laki-Laki
Anggoro,Laki-Laki
Anggra,Laki-Laki
Angin,Laki-Laki
Anto,Laki-Laki
Antok,Laki-Laki
Antomy,Laki-Laki
Anton,Laki-Laki
Anung,Laki-Laki
Anuraga,Laki-Laki
Api,Laki-Laki
Apriadi,Laki-Laki
Aprianto,Laki-Laki
Aprilianto,Laki-Laki
Apriyadi,Laki-Laki
Ar,Laki-Laki
Arbianto,Laki-Laki
Ardan,Laki-Laki
Ardana,Laki-Laki
Ardani,Laki-Laki
Ardanu,Laki-Laki
Ardham,Laki-Laki
Ardhi,Laki-Laki
Ardhio,Laki-Laki
Ardho,Laki-Laki
Ardi,Laki-Laki
Ardi,Laki-Laki
Ardian,Laki-Laki
Ardiano,Laki-Laki
Ardiansya,Laki-Laki
Ardiansyah,Laki-Laki
Ardias,Laki-Laki
Ardiaz,Laki-Laki
Ardo,Laki-Laki
Ardy,Laki-Laki
Ardyan,Laki-Laki
Areef,Laki-Laki
Arga,Laki-Laki
Arghani,Laki-Laki
Arghi,Laki-Laki
Argo,Laki-Laki
Ari,Laki-Laki
Ari,Laki-Laki
Ari,Laki-Laki
Aria,Laki-Laki
Ariadi,Laki-Laki
Ariaman,Laki-Laki
Arianto,Laki-Laki
Ariduta,Laki-Laki
Ariduta,Laki-Laki
Arie,Laki-Laki
Arie,Laki-Laki
Arief,Laki-Laki
Arief,Laki-Laki
Arief,Laki-Laki
Arieliansyah,Laki-Laki
Aries,Laki-Laki
Aries,Laki-Laki
Arif,Laki-Laki
Arif,Laki-Laki
Ariffianto,Laki-Laki
Arifianto,Laki-Laki
Arip,Laki-Laki
Aripin,Laki-Laki
Ariq,Laki-Laki
Aris,Laki-Laki
Aris,Laki-Laki
Arischa,Laki-Laki
Aristokrat,Laki-Laki
Arizal,Laki-Laki
Arizallu,Laki-Laki
Arjo,Laki-Laki
Arjuna,Laki-Laki
Arlingga,Laki-Laki
Armansyah,Laki-Laki
Armen,Laki-Laki
Arnawama,Laki-Laki
Arqian,Laki-Laki
Arrio,Laki-Laki
Arry,Laki-Laki
Arsin,Laki-Laki
Arsya,Laki-Laki
Artha,Laki-Laki
Arthadewa,Laki-Laki
Arthadewo,Laki-Laki
Arthadirga,Laki-Laki
Arto,Laki-Laki
Ary,Laki-Laki
Arya,Laki-Laki
Arya,Laki-Laki
Aryadewo,Laki-Laki
Aryadi,Laki-Laki
Aryanto,Laki-Laki
Asep,Laki-Laki
Asfarizal,Laki-Laki
Asiyanda,Laki-Laki
Asmara,Laki-Laki
Asmo,Laki-Laki
Asmoro,Laki-Laki
Assandy,Laki-Laki
Aswin,Laki-Laki
Atmaja,Laki-Laki
Atmo,Laki-Laki
Auzora,Laki-Laki
Avando,Laki-Laki
Avarel,Laki-Laki
Avarrel,Laki-Laki
Avianto,Laki-Laki
Awan,Laki-Laki
Aydin,Laki-Laki
Ayi,Laki-Laki
Ayuda,Laki-Laki
Azidan,Laki-Laki
Azmee,Laki-Laki
Azmi,Laki-Laki
Azzaki,Laki-Laki
Azzury,Laki-Laki
Bachtiar,Laki-Laki
Badung,Laki-Laki
Bagas,Laki-Laki
Bagaskara,Laki-Laki
Bagaskoro,Laki-Laki
Bagiyo,Laki-Laki
Bagus,Laki-Laki
Bagus,Laki-Laki
Bagus,Laki-Laki
Bahtiar,Laki-Laki
Bakhtiar,Laki-Laki
Bakti,Laki-Laki
Bakti,Laki-Laki
Balapati,Laki-Laki
Bambang,Laki-Laki
Bambang,Laki-Laki
Bangkit,Laki-Laki
Bangun,Laki-Laki
Banyu,Laki-Laki
Banyubiru,Laki-Laki
Barat,Laki-Laki
Bari,Laki-Laki
Barly,Laki-Laki
Barmastya,Laki-Laki
Baron,Laki-Laki
Baron,Laki-Laki
Barry,Laki-Laki
Barry,Laki-Laki
Bartono,Laki-Laki
Baskara,Laki-Laki
Baskara,Laki-Laki
Baskoro,Laki-Laki
Basri,Laki-Laki
Basuki,Laki-Laki
Basuki,Laki-Laki
Bawono,Laki-Laki
Bayu,Laki-Laki
Bayu,Laki-Laki
Beben,Laki-Laki
Bejo,Laki-Laki
Bennyamin,Laki-Laki
Bennyuli,Laki-Laki
Beno,Laki-Laki
Benyamin,Laki-Laki
Benzario,Laki-Laki
Berlano,Laki-Laki
Bernard,Laki-Laki
Berto,Laki-Laki
Bethara,Laki-Laki
Bhakti,Laki-Laki
Bianto,Laki-Laki
Bima,Laki-Laki
Bima,Laki-Laki
Bimasakti,Laki-Laki
Bimo,Laki-Laki
Binar,Laki-Laki
Binar,Laki-Laki
Binara,Laki-Laki
Bing,Laki-Laki
Bintang,Laki-Laki
Birowo,Laki-Laki
Birru,Laki-Laki
Biru,Laki-Laki
Blasius,Laki-Laki
Bogas,Laki-Laki
Bogel,Laki-Laki
Boma,Laki-Laki
Bomantara,Laki-Laki
Bonar,Laki-Laki
Bonauli,Laki-Laki
Bondan,Laki-Laki
Boni,Laki-Laki
Bonni,Laki-Laki
Bowo,Laki-Laki
Bram,Laki-Laki
Breo,Laki-Laki
Brian,Laki-Laki
Brian,Laki-Laki
Broto,Laki-Laki
Buana,Laki-Laki
Buana,Laki-Laki
Buchari,Laki-Laki
Buchori,Laki-Laki
Budi,Laki-Laki
Budi,Laki-Laki
Budi,Laki-Laki
Budiarti,Laki-Laki
Budiarto,Laki-Laki
Budiawan,Laki-Laki
Budiman,Laki-Laki
Bujana,Laki-Laki
Bulan,Laki-Laki
Bumantoro,Laki-Laki
Bumi,Laki-Laki
Burhan,Laki-Laki
Buwana,Laki-Laki
Buwono,Laki-Laki
Byan,Laki-Laki
Byantara,Laki-Laki
Cahya,Laki-Laki
Cahya,Laki-Laki
Cahyana,Laki-Laki
Cahyo,Laki-Laki
Cahyono,Laki-Laki
Caka,Laki-Laki
Cakap,Laki-Laki
Cakap,Laki-Laki
Caling,Laki-Laki
Candra,Laki-Laki
Catur,Laki-Laki
Catur,Laki-Laki
Chahaya,Laki-Laki
Chairudin,Laki-Laki
Chandrakeshwari,Laki-Laki
Charlie,Laki-Laki
Christanto,Laki-Laki
Cikal,Laki-Laki
Cipta,Laki-Laki
Cipto,Laki-Laki
Citradi,Laki-Laki
Citro,Laki-Laki
Cornelius,Laki-Laki
Crisna,Laki-Laki
Dadan,Laki-Laki
Dadang,Laki-Laki
Dafandryan,Laki-Laki
Daharyadika,Laki-Laki
Dahlan,Laki-Laki
Damanuri,Laki-Laki
Damar,Laki-Laki
Damar,Laki-Laki
Damara,Laki-Laki
Danan,Laki-Laki
Danang,Laki-Laki
Dani,Laki-Laki
Daniel,Laki-Laki
Daniyan,Laki-Laki
Danu,Laki-Laki
Danuar,Laki-Laki
Darma,Laki-Laki
Darmais,Laki-Laki
Darmawan,Laki-Laki
Darmawansyah,Laki-Laki
Darmawi,Laki-Laki
Darwis,Laki-Laki
Davian,Laki-Laki
Davin,Laki-Laki
Ddimas,Laki-Laki
Deddy,Laki-Laki
Dedi,Laki-Laki
Dedy,Laki-Laki
Defandryan,Laki-Laki
Defid,Laki-Laki
Deko,Laki-Laki
Delly,Laki-Laki
Delvin,Laki-Laki
Deni,Laki-Laki
Deny,Laki-Laki
Deri,Laki-Laki
Derma,Laki-Laki
Dermawan,Laki-Laki
Derry,Laki-Laki
Dery,Laki-Laki
Desak,Laki-Laki
Deska,Laki-Laki
Destin,Laki-Laki
Devaputra,Laki-Laki
Devid,Laki-Laki
Dewangga,Laki-Laki
Dewo,Laki-Laki
Dhaffin,Laki-Laki
Dhaffy,Laki-Laki
Dhafin,Laki-Laki
Dhafy,Laki-Laki
Dhandy,Laki-Laki
Dhanuar,Laki-Laki
Dhavin,Laki-Laki
Dhrya,Laki-Laki
Dian,Laki-Laki
Diansyah,Laki-Laki
Dicki,Laki-Laki
Didi,Laki-Laki
Didi,Laki-Laki
Didit,Laki-Laki
Dieska,Laki-Laki
Digda,Laki-Laki
Dimas,Laki-Laki
Diputra,Laki-Laki
Dirgantara,Laki-Laki
Dirgantoro,Laki-Laki
Dito,Laki-Laki
Diyanto,Laki-Laki
Djaja,Laki-Laki
Djohar,Laki-Laki
Djohari,Laki-Laki
Djunady,Laki-Laki
Djunaedi,Laki-Laki
Dodi,Laki-Laki
Dodie,Laki-Laki
Dody,Laki-Laki
Dondi,Laki-Laki
Doyo,Laki-Laki
Drajat,Laki-Laki
Dudi,Laki-Laki
Dudiara,Laki-Laki
Dudung,Laki-Laki
Dumadi,Laki-Laki
Dwi,Laki-Laki
Dwi,Laki-Laki
Dwisa,Laki-Laki
Dwiyoga,Laki-Laki
Ebiet,Laki-Laki
Ebita,Laki-Laki
Eddy,Laki-Laki
Edi,Laki-Laki
Edi,Laki-Laki
Edil,Laki-Laki
Edisaputra,Laki-Laki
Edo,Laki-Laki
Efendi,Laki-Laki
Effendi,Laki-Laki
Efra,Laki-Laki
Egi,Laki-Laki
Eka,Laki-Laki
Eka,Laki-Laki
Eko,Laki-Laki
Eko,Laki-Laki
Eko,Laki-Laki
Elang,Laki-Laki
Elfatir,Laki-Laki
Elfian,Laki-Laki
Elon,Laki-Laki
Elvan,Laki-Laki
Elvander,Laki-Laki
Elvin,Laki-Laki
Embara,Laki-Laki
Emil,Laki-Laki
Endah,Laki-Laki
Endar,Laki-Laki
Endri,Laki-Laki
Endry,Laki-Laki
Enoch,Laki-Laki
Erawan,Laki-Laki
Eri,Laki-Laki
Erie,Laki-Laki
Erik,Laki-Laki
Erizally,Laki-Laki
Erlambang,Laki-Laki
Erlang,Laki-Laki
Erlangga,Laki-Laki
Erliansyah,Laki-Laki
Ernawan,Laki-Laki
Erza,Laki-Laki
Evantama,Laki-Laki
Eza,Laki-Laki
Faathir,Laki-Laki
Fabel,Laki-Laki
Fabiandi,Laki-Laki
Fachri,Laki-Laki
Fachrur,Laki-Laki
Fachry,Laki-Laki
Fadhilla,Laki-Laki
Fadhillah,Laki-Laki
Fadhlan,Laki-Laki
Fadil,Laki-Laki
Fadillah,Laki-Laki
Fadlan,Laki-Laki
Fahlavi,Laki-Laki
Fahlefi,Laki-Laki
Fahlevi,Laki-Laki
Fajar,Laki-Laki
Fajar,Laki-Laki
Faldy,Laki-Laki
Fandy,Laki-Laki
Farash,Laki-Laki
Fardan,Laki-Laki
Fardhan,Laki-Laki
Fareeza,Laki-Laki
Fares,Laki-Laki
Farhandy,Laki-Laki
Faris,Laki-Laki
Faris,Laki-Laki
Farisa,Laki-Laki
Fariz,Laki-Laki
Farresta,Laki-Laki
Farrez,Laki-Laki
Fatathir,Laki-Laki
Fatchurrohman,Laki-Laki
Fathir,Laki-Laki
Fathurrahman,Laki-Laki
Fauzan,Laki-Laki
Fawwaz,Laki-Laki
Fayza,Laki-Laki
Fazil,Laki-Laki
Fazli,Laki-Laki
Febian,Laki-Laki
Febrian,Laki-Laki
Febrianta,Laki-Laki
Febrianto,Laki-Laki
Fendi,Laki-Laki
Fendianto,Laki-Laki
Fendy,Laki-Laki
Fendy,Laki-Laki
Ferdi,Laki-Laki
Ferdiansyah,Laki-Laki
Feriawan,Laki-Laki
Feris,Laki-Laki
Ferry,Laki-Laki
Ferven,Laki-Laki
Firman,Laki-Laki
Firman,Laki-Laki
Fitriansyah,Laki-Laki
Frandi,Laki-Laki
Frans,Laki-Laki
Fuad,Laki-Laki
Gadhang,Laki-Laki
Gading,Laki-Laki
Gagah,Laki-Laki
Gagah,Laki-Laki
Galan,Laki-Laki
Galang,Laki-Laki
Galang,Laki-Laki
Galib,Laki-Laki
Galih,Laki-Laki
Galih,Laki-Laki
Galuh,Laki-Laki
Ganda,Laki-Laki
Gani,Laki-Laki
Gani,Laki-Laki
Ganjar,Laki-Laki
Garang,Laki-Laki
Gary,Laki-Laki
Gatan,Laki-Laki
Gathot,Laki-Laki
Gatvan,Laki-Laki
Gavin,Laki-Laki
Gema,Laki-Laki
Gemi,Laki-Laki
Geni,Laki-Laki
Genta,Laki-Laki
Gerna,Laki-Laki
Gery,Laki-Laki
Gesang,Laki-Laki
Gesang,Laki-Laki
Ghani,Laki-Laki
Ghatan,Laki-Laki
Giawan,Laki-Laki
Gilang,Laki-Laki
Gilby,Laki-Laki
Gilby,Laki-Laki
Ginanjar,Laki-Laki
Giri,Laki-Laki
Giring,Laki-Laki
Gita,Laki-Laki
Gita,Laki-Laki
Glen,Laki-Laki
Goni,Laki-Laki
Graha,Laki-Laki
Guefa,Laki-Laki
Gugum,Laki-Laki
Gunadi,Laki-Laki
Gunarko,Laki-Laki
Gunaro,Laki-Laki
Gunarso,Laki-Laki
Gunawan,Laki-Laki
Gunawan,Laki-Laki
Gunawan,Laki-Laki
Gunawan,Laki-Laki
Guntoro,Laki-Laki
Guntur,Laki-Laki
Guntur,Laki-Laki
Guruh,Laki-Laki
Guruh,Laki-Laki
Gus,Laki-Laki
Gus,Laki-Laki
Gustafian,Laki-Laki
Gustavian,Laki-Laki
Gusti,Laki-Laki
Gyaneshwar,Laki-Laki
Gyaneswar,Laki-Laki
Hadi,Laki-Laki
Hadian,Laki-Laki
Hadibowo,Laki-Laki
Hadikusuma,Laki-Laki
Hadisaputra,Laki-Laki
Hadiyan,Laki-Laki
Hadiyanto,Laki-Laki
Haikal,Laki-Laki
Hajar,Laki-Laki
Hakim,Laki-Laki
Hakim,Laki-Laki
Hamengku,Laki-Laki
Hamid,Laki-Laki
Hanafie,Laki-Laki
Handaka,Laki-Laki
Handaka,Laki-Laki
Handayanto,Laki-Laki
Handi,Laki-Laki
Handika,Laki-Laki
Handoko,Laki-Laki
Handono,Laki-Laki
Handri,Laki-Laki
Handy,Laki-Laki
Hanggara,Laki-Laki
Hanggono,Laki-Laki
Hanindra,Laki-Laki
Hans,Laki-Laki
Hans,Laki-Laki
Hanung,Laki-Laki
Hardi,Laki-Laki
Hardia,Laki-Laki
Hardianto,Laki-Laki
Harditama,Laki-Laki
Hardynata,Laki-Laki
Hari,Laki-Laki
Hariadi,Laki-Laki
Harianto,Laki-Laki
Harim,Laki-Laki
Hariono,Laki-Laki
Haris,Laki-Laki
Haris,Laki-Laki
Harja,Laki-Laki
Harlan,Laki-Laki
Harly,Laki-Laki
Harnowo,Laki-Laki
Harsono,Laki-Laki
Harta,Laki-Laki
Hartanto,Laki-Laki
Harto,Laki-Laki
Harun,Laki-Laki
Haryana,Laki-Laki
Hasan,Laki-Laki
Hebat,Laki-Laki
Hegar,Laki-Laki
Helmansyah,Laki-Laki
Helmi,Laki-Laki
Helmy,Laki-Laki
Hendar,Laki-Laki
Hendarsyah,Laki-Laki
Hendra,Laki-Laki
Hendrajaya,Laki-Laki
Hendraji,Laki-Laki
Hendri,Laki-Laki
Hendrik,Laki-Laki
Hendy,Laki-Laki
Hengki,Laki-Laki
Henki,Laki-Laki
Henry,Laki-Laki
Herdi,Laki-Laki
Herdy,Laki-Laki
Herlambang,Laki-Laki
Herly,Laki-Laki
Herlyy,Laki-Laki
Herman,Laki-Laki
Herman,Laki-Laki
Hermanto,Laki-Laki
Hermawan,Laki-Laki
Herru,Laki-Laki
Heru,Laki-Laki
Hery,Laki-Laki
Heryana,Laki-Laki
Hibarni,Laki-Laki
Hidayat,Laki-Laki
Hidayat,Laki-Laki
Hijar,Laki-Laki
Hindra,Laki-Laki
Huda,Laki-Laki
Husein,Laki-Laki
Husein,Laki-Laki
Hutomo,Laki-Laki
Ian,Laki-Laki
Ibrahim,Laki-Laki
Ical,Laki-Laki
Ichal,Laki-Laki
Icrfan,Laki-Laki
Ifan,Laki-Laki
Ifandy,Laki-Laki
Ijo,Laki-Laki
Ikbal,Laki-Laki
Ikrar,Laki-Laki
Imam,Laki-Laki
Imam,Laki-Laki
Iman,Laki-Laki
Indarto,Laki-Laki
Indarto,Laki-Laki
Indra,Laki-Laki
Indra,Laki-Laki
Indrawan,Laki-Laki
Indrawan,Laki-Laki
Insan,Laki-Laki
Ipe,Laki-Laki
Ipul,Laki-Laki
Iqra,Laki-Laki
Iradi,Laki-Laki
Iranto,Laki-Laki
Irawan,Laki-Laki
Irawan,Laki-Laki
Irfan,Laki-Laki
Irfandha,Laki-Laki
Irfandi,Laki-Laki
Irgi,Laki-Laki
Irgie,Laki-Laki
Irgiswara,Laki-Laki
Irmansyah,Laki-Laki
Irpan,Laki-Laki
Irru,Laki-Laki
Irvan,Laki-Laki
Irwan,Laki-Laki
Irwansjah,Laki-Laki
Irwansyah,Laki-Laki
Irzaldi,Laki-Laki
Isman,Laki-Laki
Ismunandar,Laki-Laki
Isnadi,Laki-Laki
Itang,Laki-Laki
Ius,Laki-Laki
Ius,Laki-Laki
Ivan,Laki-Laki
Iwan,Laki-Laki
Jaduk,Laki-Laki
Jaelani,Laki-Laki
Jagat,Laki-Laki
Jagur,Laki-Laki
Jailani,Laki-Laki
Jajang,Laki-Laki
Jaka,Laki-Laki
Jalad,Laki-Laki
Jalma,Laki-Laki
Jamal,Laki-Laki
Jamiat,Laki-Laki
Jana,Laki-Laki
Janardi,Laki-Laki
Janu,Laki-Laki
Januar,Laki-Laki
Januar,Laki-Laki
Januar,Laki-Laki
Januar,Laki-Laki
Januareza,Laki-Laki
Januari,Laki-Laki
January,Laki-Laki
Janus,Laki-Laki
Jati,Laki-Laki
Jati,Laki-Laki
Jati,Laki-Laki
Jatmika,Laki-Laki
Jatnika,Laki-Laki
Jatno,Laki-Laki
Jay,Laki-Laki
Jaya,Laki-Laki
Jazuri,Laki-Laki
Jeko,Laki-Laki
Jelmy,Laki-Laki
Jemal,Laki-Laki
Jemi,Laki-Laki
Jenaro,Laki-Laki
Jeremi,Laki-Laki
Jerry,Laki-Laki
Jhoni,Laki-Laki
Jiwa,Laki-Laki
Jodi,Laki-Laki
Johan,Laki-Laki
Johanes,Laki-Laki
Johannes,Laki-Laki
Jojo,Laki-Laki
Joko,Laki-Laki
Joko,Laki-Laki
Jonathan,Laki-Laki
Joni,Laki-Laki
Joni,Laki-Laki
Jono,Laki-Laki
Joyo,Laki-Laki
Julian,Laki-Laki
Julianto,Laki-Laki
Julianto,Laki-Laki
Julidar,Laki-Laki
Juliman,Laki-Laki
Juliyanto,Laki-Laki
Junaldi,Laki-Laki
Junianto,Laki-Laki
Juri,Laki-Laki
Kabul,Laki-Laki
Kace,Laki-Laki
Kadek,Laki-Laki
Kadir,Laki-Laki
Kahfi,Laki-Laki
Kaisar,Laki-Laki
Kaisara,Laki-Laki
Kaizar,Laki-Laki
Kaizer,Laki-Laki
Kali,Laki-Laki
Kalla,Laki-Laki
Kamal,Laki-Laki
Kamulyan,Laki-Laki
Kandar,Laki-Laki
Kanugrahan,Laki-Laki
Kara,Laki-Laki
Karim,Laki-Laki
Karna,Laki-Laki
Karno,Laki-Laki
Karyadi,Laki-Laki
Kasad,Laki-Laki
Kasiadi,Laki-Laki
Kasihono,Laki-Laki
Katon,Laki-Laki
Katon,Laki-Laki
Kayoman,Laki-Laki
Kehara,Laki-Laki
Kelana,Laki-Laki
Kemal,Laki-Laki
Kemas,Laki-Laki
Ken,Laki-Laki
Kenan,Laki-Laki
Kenandra,Laki-Laki
Kersen,Laki-Laki
Kersen,Laki-Laki
Kesejahteraan,Laki-Laki
Khairudin,Laki-Laki
Khidmat,Laki-Laki
Kiano,Laki-Laki
Kidung,Laki-Laki
Kimung,Laki-Laki
Kinandar,Laki-Laki
Kinandari,Laki-Laki
Kirana,Laki-Laki
Kirwanto,Laki-Laki
Koncara,Laki-Laki
Kosasih,Laki-Laki
Kresna,Laki-Laki
Kresno,Laki-Laki
Kris,Laki-Laki
Krisna,Laki-Laki
Krisna,Laki-Laki
Kristiawan,Laki-Laki
Kristiawan,Laki-Laki
Ksatria,Laki-Laki
Kuat,Laki-Laki
Kulon,Laki-Laki
Kuncoro,Laki-Laki
Kuncoro,Laki-Laki
Kurnia,Laki-Laki
Kurnianto,Laki-Laki
Kurniawan,Laki-Laki
Kurniyawan,Laki-Laki
Kus,Laki-Laki
Kusnara,Laki-Laki
Kusnaufal,Laki-Laki
Kusni,Laki-Laki
Kusti,Laki-Laki
Kustiyo,Laki-Laki
Kusuma,Laki-Laki
Kusuma,Laki-Laki
Kusumo,Laki-Laki
Kuwat,Laki-Laki
Laban,Laki-Laki
Lakab,Laki-Laki
Laksana,Laki-Laki
Laksana,Laki-Laki
Laksmono,Laki-Laki
Lambas,Laki-Laki
Landung,Laki-Laki
Langgeng,Laki-Laki
Lantang,Laki-Laki
Lemah,Laki-Laki
Leo,Laki-Laki
Leon,Laki-Laki
Leosono,Laki-Laki
Lesmana,Laki-Laki
Lexa,Laki-Laki
Liem,Laki-Laki
Lindung,Laki-Laki
Linggo,Laki-Laki
Lintang,Laki-Laki
Lucky,Laki-Laki
Luke,Laki-Laki
Lukito,Laki-Laki
Lukman,Laki-Laki
Lupus,Laki-Laki
Luthadam,Laki-Laki
Luthfi,Laki-Laki
Mabir,Laki-Laki
Mabrur,Laki-Laki
Made,Laki-Laki
Madika,Laki-Laki
Mahadhi,Laki-Laki
Mahadi,Laki-Laki
Mahadika,Laki-Laki
Mahadirga,Laki-Laki
Mahandika,Laki-Laki
Mahaputra,Laki-Laki
Mahendra,Laki-Laki
Makmur,Laki-Laki
Malik,Laki-Laki
Maman,Laki-Laki
Manurip,Laki-Laki
Marihot,Laki-Laki
Marlon,Laki-Laki
Martin,Laki-Laki
Marudut,Laki-Laki
Marwan,Laki-Laki
Maryanto,Laki-Laki
Maryanto,Laki-Laki
Maswoko,Laki-Laki
Max,Laki-Laki
Mega,Laki-Laki
Mega,Laki-Laki
Mego,Laki-Laki
Miing,Laki-Laki
Misro,Laki-Laki
Miswar,Laki-Laki
Muchtar,Laki-Laki
Mudi,Laki-Laki
Mudya,Laki-Laki
Muha,Laki-Laki
Muhammad,Laki-Laki
Muhyadin,Laki-Laki
Muiz,Laki-Laki
Mukadi,Laki-Laki
Mukandar,Laki-Laki
Mukti,Laki-Laki
Mulia,Laki-Laki
Mulia,Laki-Laki
Mulio,Laki-Laki
Muliya,Laki-Laki
Mulyo,Laki-Laki
Mulyono,Laki-Laki
Munandar,Laki-Laki
Munasti,Laki-Laki
Munir,Laki-Laki
Mus,Laki-Laki
Musi,Laki-Laki
Musthofa,Laki-Laki
Nabolan,Laki-Laki
Nadi,Laki-Laki
Naga,Laki-Laki
Nagata,Laki-Laki
Naka,Laki-Laki
Naka,Laki-Laki
Nakasaputra,Laki-Laki
Nakula,Laki-Laki
Nala,Laki-Laki
Nalar,Laki-Laki
Nanang,Laki-Laki
Nara,Laki-Laki
Narendra,Laki-Laki
Nareswara,Laki-Laki
Narpati,Laki-Laki
Nature,Laki-Laki
Naural,Laki-Laki
Nawang,Laki-Laki
Nayaka,Laki-Laki
Nazwir,Laki-Laki
Nehruddin,Laki-Laki
Nenon,Laki-Laki
Netra,Laki-Laki
Netro,Laki-Laki
Nian,Laki-Laki
Nirwan,Laki-Laki
Nirwasita,Laki-Laki
Nizwar,Laki-Laki
Nofan,Laki-Laki
Nofian,Laki-Laki
Nonot,Laki-Laki
Nopri,Laki-Laki
Nopriandi,Laki-Laki
Norahman,Laki-Laki
Noto,Laki-Laki
Nouva,Laki-Laki
Nouval,Laki-Laki
Nova,Laki-Laki
Novan,Laki-Laki
Novary,Laki-Laki
Novian,Laki-Laki
Novo,Laki-Laki
Nubuat,Laki-Laki
Nugr,Laki-Laki
Nugra,Laki-Laki
Nugra,Laki-Laki
Nugrah,Laki-Laki
Nugraha,Laki-Laki
Nugrawijaya,Laki-Laki
Nugroho,Laki-Laki
Nugroho,Laki-Laki
Nuraga,Laki-Laki
Nurhadi,Laki-Laki
Nurhayat,Laki-Laki
Nuri,Laki-Laki
Nurianto,Laki-Laki
Nuriswan,Laki-Laki
Nurjati,Laki-Laki
Nurmawan,Laki-Laki
Nursetiawan,Laki-Laki
Nuryanto,Laki-Laki
Nyoman,Laki-Laki
O'shea,Laki-Laki
Obar,Laki-Laki
Obed,Laki-Laki
Obiora,Laki-Laki
Octo,Laki-Laki
Odwin,Laki-Laki
Oki,Laki-Laki
Okiansyah,Laki-Laki
Okta,Laki-Laki
Okta,Laki-Laki
Oktarian,Laki-Laki
Oktaviano,Laki-Laki
Onata,Laki-Laki
One,Laki-Laki
Ophy,Laki-Laki
Opick,Laki-Laki
Opie,Laki-Laki
Opik,Laki-Laki
Oskar,Laki-Laki
Otar,Laki-Laki
Ovick,Laki-Laki
Ovik,Laki-Laki
Paban,Laki-Laki
Padarno,Laki-Laki
Padhil,Laki-Laki
Pahlawan,Laki-Laki
Pakar,Laki-Laki
Palgunadi,Laki-Laki
Palhala,Laki-Laki
Pamungkas,Laki-Laki
Pancar,Laki-Laki
Pandega,Laki-Laki
Pandoe,Laki-Laki
Pandu,Laki-Laki
Panji,Laki-Laki
Panrita,Laki-Laki
Pantouw,Laki-Laki
Panut,Laki-Laki
Parma,Laki-Laki
Parsetya,Laki-Laki
Patar,Laki-Laki
Paundrakarna,Laki-Laki
Pay,Laki-Laki
Pebian,Laki-Laki
Pebrianto,Laki-Laki
Pengky,Laki-Laki
Peppy,Laki-Laki
Pepy,Laki-Laki
Perdana,Laki-Laki
Perdata,Laki-Laki
Perjaka,Laki-Laki
Perkasa,Laki-Laki
Perwira,Laki-Laki
Perwiro,Laki-Laki
Peter,Laki-Laki
Petra,Laki-Laki
Petrus,Laki-Laki
Pipin,Laki-Laki
Pitra,Laki-Laki
Ponco,Laki-Laki
Pongki,Laki-Laki
Pongky,Laki-Laki
Poniman,Laki-Laki
Prabaswara,Laki-Laki
Prabu,Laki-Laki
Pradi,Laki-Laki
Pradidarma,Laki-Laki
Prakasa,Laki-Laki
Prakoso,Laki-Laki
Pramaditya,Laki-Laki
Pramana,Laki-Laki
Pramana,Laki-Laki
Pramana,Laki-Laki
Pramanathan,Laki-Laki
Prambudi,Laki-Laki
Pramodhawardhani,Laki-Laki
Pramono,Laki-Laki
Pramudana,Laki-Laki
Pramudhita,Laki-Laki
Pramudita,Laki-Laki
Pramuditha,Laki-Laki
Pramuditya,Laki-Laki
Prana,Laki-Laki
Pranagia,Laki-Laki
Pranajaya,Laki-Laki
Pranata,Laki-Laki
Pranatantra,Laki-Laki
Pras,Laki-Laki
Prasetijono,Laki-Laki
Prasetya,Laki-Laki
Prasetyo,Laki-Laki
Prasetyo,Laki-Laki
Prawiradharama,Laki-Laki
Prayuda,Laki-Laki
Prayudi,Laki-Laki
Pria,Laki-Laki
Priadi,Laki-Laki
Priahutama,Laki-Laki
Priambodo,Laki-Laki
Priambodo,Laki-Laki
Pribadi,Laki-Laki
Prihad,Laki-Laki
Prihadi,Laki-Laki
Prima,Laki-Laki
Primus,Laki-Laki
Priya,Laki-Laki
Priyambodo,Laki-Laki
Priyanka,Laki-Laki
Priyanto,Laki-Laki
Priyatmanto,Laki-Laki
Puang,Laki-Laki
Pudji,Laki-Laki
Puja,Laki-Laki
Puji,Laki-Laki
Pungkas,Laki-Laki
Pungky,Laki-Laki
Pungky,Laki-Laki
Puntadewa,Laki-Laki
Puntodewo,Laki-Laki
Pupung,Laki-Laki
Purnomo,Laki-Laki
Purnomo,Laki-Laki
Purwadi,Laki-Laki
Purwanto,Laki-Laki
Purwono,Laki-Laki
Putera,Laki-Laki
Putra,Laki-Laki
Putra,Laki-Laki
Putra,Laki-Laki
Qahar,Laki-Laki
Quenbianto,Laki-Laki
Rachmad,Laki-Laki
Rachmat,Laki-Laki
Rachmat,Laki-Laki
Raddine,Laki-Laki
Radhian,Laki-Laki
Radhien,Laki-Laki
Radhika,Laki-Laki
Radhitya,Laki-Laki
Radi,Laki-Laki
Radian,Laki-Laki
Radiana,Laki-Laki
Radieth,Laki-Laki
Radin,Laki-Laki
Radit,Laki-Laki
Radithya,Laki-Laki
Raditia,Laki-Laki
Radito,Laki-Laki
Raditya,Laki-Laki
Raditya,Laki-Laki
Raditya,Laki-Laki
Radityansyah,Laki-Laki
Radityo,Laki-Laki
Raefal,Laki-Laki
Rafa,Laki-Laki
Rafael,Laki-Laki
Rafardan,Laki-Laki
Rafardhan,Laki-Laki
Rafde,Laki-Laki
Rafed,Laki-Laki
Rafindra,Laki-Laki
Rafli,Laki-Laki
Raga,Laki-Laki
Raggil,Laki-Laki
Ragil,Laki-Laki
Rahadian,Laki-Laki
Rahandra,Laki-Laki
Rahardian,Laki-Laki
Raharja,Laki-Laki
Rahdian,Laki-Laki
Rahman,Laki-Laki
Rahman,Laki-Laki
Rahmanto,Laki-Laki
Rahmawan,Laki-Laki
Rai,Laki-Laki
Rajasena,Laki-Laki
Raka,Laki-Laki
Rakhees,Laki-Laki
Raksa,Laki-Laki
Raldien,Laki-Laki
Raldin,Laki-Laki
Rama,Laki-Laki
Rama,Laki-Laki
Ramadanu,Laki-Laki
Ramadhanu,Laki-Laki
Ramaditya,Laki-Laki
Ramali,Laki-Laki
Rambo,Laki-Laki
Rambu,Laki-Laki
Ramdani,Laki-Laki
Ramelan,Laki-Laki
Ramlan,Laki-Laki
Ramli,Laki-Laki
Ramon,Laki-Laki
Ramsey,Laki-Laki
Ramzi,Laki-Laki
Randi,Laki-Laki
Randita,Laki-Laki
Randri,Laki-Laki
Rangga,Laki-Laki
Rangga,Laki-Laki
Rangga,Laki-Laki
Ranggz,Laki-Laki
Ranma,Laki-Laki
Rasdan,Laki-Laki
Raski,Laki-Laki
Rasyidin,Laki-Laki
Ravanza,Laki-Laki
Rayadinata,Laki-Laki
Rayandra,Laki-Laki
Rayen,Laki-Laki
Rayi,Laki-Laki
Rayyandra,Laki-Laki
Razidan,Laki-Laki
Razqa,Laki-Laki
Recky,Laki-Laki
Redi,Laki-Laki
Reditya,Laki-Laki
Reifansyah,Laki-Laki
Reiki,Laki-Laki
Reksa,Laki-Laki
Reksya,Laki-Laki
Remy,Laki-Laki
Rendi,Laki-Laki
Rendiansyah,Laki-Laki
Rendra,Laki-Laki
Rendyansah,Laki-Laki
Rengga,Laki-Laki
Revinza,Laki-Laki
Reyn,Laki-Laki
Reynaldi,Laki-Laki
Reyndra,Laki-Laki
Reyno,Laki-Laki
Reza,Laki-Laki
Reza,Laki-Laki
Rezeki,Laki-Laki
Rezkiana,Laki-Laki
Rezky,Laki-Laki
Rezkyana,Laki-Laki
Rezvan,Laki-Laki
Rhaditya,Laki-Laki
Rhaka,Laki-Laki
Rheandra,Laki-Laki
Rhendra,Laki-Laki
Rheza,Laki-Laki
Ria,Laki-Laki
Riaman,Laki-Laki
Riandi,Laki-Laki
Rianno,Laki-Laki
Ricky,Laki-Laki
Ridifa,Laki-Laki
Rifai,Laki-Laki
Rifhat,Laki-Laki
Riga,Laki-Laki
Riki,Laki-Laki
Riko,Laki-Laki
Riky,Laki-Laki
Rimba,Laki-Laki
Rimbo,Laki-Laki
Rindra,Laki-Laki
Ringga,Laki-Laki
Ringgo,Laki-Laki
Rino,Laki-Laki
Rio,Laki-Laki
Rio,Laki-Laki
Riqui,Laki-Laki
Riri,Laki-Laki
Risal,Laki-Laki
Rismanto,Laki-Laki
Riyan,Laki-Laki
Rizal,Laki-Laki
Rizalda,Laki-Laki
Rizali,Laki-Laki
Rizani,Laki-Laki
Rizka,Laki-Laki
Rizki,Laki-Laki
Rizkiansyah,Laki-Laki
Rizko,Laki-Laki
Rizoel,Laki-Laki
Rizqi,Laki-Laki
Robi,Laki-Laki
Robi,Laki-Laki
Robin,Laki-Laki
Rodi,Laki-Laki
Rohin,Laki-Laki
Rojah,Laki-Laki
Rojak,Laki-Laki
Romi,Laki-Laki
Ronal,Laki-Laki
Roni,Laki-Laki
Roro,Laki-Laki
Roy,Laki-Laki
Rraffa,Laki-Laki
Ruben,Laki-Laki
Rubi,Laki-Laki
Rubianto,Laki-Laki
Rubianto,Laki-Laki
Rudi,Laki-Laki
Rudianto,Laki-Laki
Rukmana,Laki-Laki
Rumawanto,Laki-Laki
Rupin,Laki-Laki
Rusli,Laki-Laki
Rusli,Laki-Laki
Rusman,Laki-Laki
Rusmantan,Laki-Laki
Rusmanto,Laki-Laki
Rusmawanto,Laki-Laki
Rustaf,Laki-Laki
Rustam,Laki-Laki
Ruswanto,Laki-Laki
Ryan,Laki-Laki
Ryan,Laki-Laki
Ryandi,Laki-Laki
Ryo,Laki-Laki
Saadi,Laki-Laki
Sabil,Laki-Laki
Sabililah,Laki-Laki
Sabruri,Laki-Laki
Sadewa,Laki-Laki
Sadikin,Laki-Laki
Sadira,Laki-Laki
Saepudin,Laki-Laki
Saepudin,Laki-Laki
Safiun,Laki-Laki
Sahdan,Laki-Laki
Sahlan,Laki-Laki
Said,Laki-Laki
Saidi,Laki-Laki
Saifudin,Laki-Laki
Sakaria,Laki-Laki
Sakti,Laki-Laki
Saladin,Laki-Laki
Salim,Laki-Laki
Sam,Laki-Laki
Sam,Laki-Laki
Samita,Laki-Laki
Sammy,Laki-Laki
Samson,Laki-Laki
Samsudi,Laki-Laki
Samudera,Laki-Laki
Samudra,Laki-Laki
Samudro,Laki-Laki
Samuel,Laki-Laki
Sandi,Laki-Laki
Sandy,Laki-Laki
Sanjaya,Laki-Laki
Santoso,Laki-Laki
Santoso,Laki-Laki
Santoso,Laki-Laki
Saparuddin,Laki-Laki
Sapoetra,Laki-Laki
Saputra,Laki-Laki
Sarjana,Laki-Laki
Sarwo,Laki-Laki
Sasmita,Laki-Laki
Satmoko,Laki-Laki
Satri,Laki-Laki
Satria,Laki-Laki
Satria,Laki-Laki
Satriaji,Laki-Laki
Satrio,Laki-Laki
Satrio,Laki-Laki
Satrio,Laki-Laki
Satriya,Laki-Laki
Satriyanto,Laki-Laki
Satrya,Laki-Laki
Satrya,Laki-Laki
Satya,Laki-Laki
Satya,Laki-Laki
Satyagraha,Laki-Laki
Satyanegara,Laki-Laki
Satyo,Laki-Laki
Savalas,Laki-Laki
Sayudha,Laki-Laki
Sejahtera,Laki-Laki
Seko,Laki-Laki
Semar,Laki-Laki
Sembara,Laki-Laki
Semmy,Laki-Laki
Sena,Laki-Laki
Sendri,Laki-Laki
Senen,Laki-Laki
Sepriadi,Laki-Laki
Septian,Laki-Laki
Septiano,Laki-Laki
Septianoh,Laki-Laki
Septianto,Laki-Laki
Sepyan,Laki-Laki
Serbani,Laki-Laki
Setara,Laki-Laki
Setia,Laki-Laki
Setia,Laki-Laki
Setiabudi,Laki-Laki
Setiadi,Laki-Laki
Setiady,Laki-Laki
Setiamarga,Laki-Laki
Setiawan,Laki-Laki
Setiawan,Laki-Laki
Seto,Laki-Laki
Setra,Laki-Laki
Setya,Laki-Laki
Setyawan,Laki-Laki
Setyo,Laki-Laki
Setyobudi,Laki-Laki
Shabbi,Laki-Laki
Sima,Laki-Laki
Singarimbun,Laki-Laki
Sion,Laki-Laki
Sofian,Laki-Laki
Sofyan,Laki-Laki
Soleh,Laki-Laki
Solih,Laki-Laki
Somat,Laki-Laki
Soni,Laki-Laki
Sonjaya,Laki-Laki
Sonny,Laki-Laki
Sony,Laki-Laki
Subarna,Laki-Laki
Subarno,Laki-Laki
Subarno,Laki-Laki
Subaskoro,Laki-Laki
Sudiro,Laki-Laki
Suganda,Laki-Laki
Sugandi,Laki-Laki
Sugeng,Laki-Laki
Sugeng,Laki-Laki
Sugisna,Laki-Laki
Suhai,Laki-Laki
Suharno,Laki-Laki
Suhartono,Laki-Laki
Suhendar,Laki-Laki
Suhendi,Laki-Laki
Suhendri,Laki-Laki
Suherman,Laki-Laki
Sujatmiko,Laki-Laki
Sukawisesa,Laki-Laki
Sukmo,Laki-Laki
Sukses,Laki-Laki
Sularko,Laki-Laki
Sularso,Laki-Laki
Sulianto,Laki-Laki
Sultan,Laki-Laki
Sulthon,Laki-Laki
Sulton,Laki-Laki
Suman,Laki-Laki
Sumanto,Laki-Laki
Sumatri,Laki-Laki
Sumitra,Laki-Laki
Sundoro,Laki-Laki
Sunu,Laki-Laki
Supardi,Laki-Laki
Suparmi,Laki-Laki
Suparna,Laki-Laki
Supiandi,Laki-Laki
Supranata,Laki-Laki
Supriatna,Laki-Laki
Supriyadi,Laki-Laki
Surachman,Laki-Laki
Suroya,Laki-Laki
Surya,Laki-Laki
Suryadi,Laki-Laki
Suryanagara,Laki-Laki
Suryo,Laki-Laki
Susanto,Laki-Laki
Susendra,Laki-Laki
Susila,Laki-Laki
Sutanto,Laki-Laki
Sutar,Laki-Laki
Sutawan,Laki-Laki
Sutra,Laki-Laki
Suwadi,Laki-Laki
Suwardi,Laki-Laki
Syaharan,Laki-Laki
Syahdan,Laki-Laki
Syahdinubrata,Laki-Laki
Syahran,Laki-Laki
Syahreza,Laki-Laki
Syahrin,Laki-Laki
Syahriza,Laki-Laki
Syaputra,Laki-Laki
Syarif,Laki-Laki
Talar,Laki-Laki
Tama,Laki-Laki
Tameng,Laki-Laki
Tangkas,Laki-Laki
Tanjung,Laki-Laki
Tantra,Laki-Laki
Tanu,Laki-Laki
Tarigan,Laki-Laki
Tarsudin,Laki-Laki
Taruna,Laki-Laki
Taruna,Laki-Laki
Tatang,Laki-Laki
Taufan,Laki-Laki
Taufik,Laki-Laki
Taufik,Laki-Laki
Tauladan,Laki-Laki
Teddy,Laki-Laki
Teddy,Laki-Laki
Tegar,Laki-Laki
Tegar,Laki-Laki
Teguh,Laki-Laki
Teladan,Laki-Laki
Temedi,Laki-Laki
Tentara,Laki-Laki
Teo,Laki-Laki
Teuku,Laki-Laki
Thohari,Laki-Laki
Thohir,Laki-Laki
Thomas,Laki-Laki
Tiertta,Laki-Laki
Tigor,Laki-Laki
Timbul,Laki-Laki
Timbun,Laki-Laki
Timmy,Laki-Laki
Timothius,Laki-Laki
Timotius,Laki-Laki
Tirta,Laki-Laki
Tisna,Laki-Laki
Titan,Laki-Laki
Titis,Laki-Laki
Tito,Laki-Laki
Titus,Laki-Laki
Tjahjadi,Laki-Laki
Tofik,Laki-Laki
Toga,Laki-Laki
Togar,Laki-Laki
Togi,Laki-Laki
Tomo,Laki-Laki
Toni,Laki-Laki
Topan,Laki-Laki
Toto,Laki-Laki
Tresna,Laki-Laki
Tri,Laki-Laki
Tri,Laki-Laki
Triputra,Laki-Laki
Trisna,Laki-Laki
Trisno,Laki-Laki
Triyogo,Laki-Laki
Tubagus,Laki-Laki
Tulus,Laki-Laki
Tulus,Laki-Laki
Tumbal,Laki-Laki
Tundjung,Laki-Laki
Tungga,Laki-Laki
Tunggal,Laki-Laki
Tunjung,Laki-Laki
Tuntas,Laki-Laki
Tutur,Laki-Laki
Tyo,Laki-Laki
Uchay,Laki-Laki
Ucup,Laki-Laki
Ujang,Laki-Laki
Umar,Laki-Laki
Unggul,Laki-Laki
Untung,Laki-Laki
Untung,Laki-Laki
Urianto,Laki-Laki
Usro,Laki-Laki
Utama,Laki-Laki
Uziel,Laki-Laki
Uzil,Laki-Laki
Valdi,Laki-Laki
Vandi,Laki-Laki
Varianto,Laki-Laki
Verdiansyah,Laki-Laki
Verdianto,Laki-Laki
Viyoza,Laki-Laki
Wade,Laki-Laki
Wahyu,Laki-Laki
Wahyudi,Laki-Laki
Wahyudy,Laki-Laki
Waldi,Laki-Laki
Waldo,Laki-Laki
Walgunadi,Laki-Laki
Waloya,Laki-Laki
Waluya,Laki-Laki
Waluyo,Laki-Laki
Waluyo,Laki-Laki
Waluyo,Laki-Laki
Wana,Laki-Laki
Wardi,Laki-Laki
Wardika,Laki-Laki
Wardono,Laki-Laki
Ware,Laki-Laki
Waring,Laki-Laki
Waringgo,Laki-Laki
Waris,Laki-Laki
Warrior,Laki-Laki
Warsi,Laki-Laki
Wartono,Laki-Laki
Waskita,Laki-Laki
Wasto,Laki-Laki
Wastu,Laki-Laki
Wawan,Laki-Laki
Webby,Laki-Laki
Weeby,Laki-Laki
Weko,Laki-Laki
Welly,Laki-Laki
Wempie,Laki-Laki
Wempy,Laki-Laki
Werdi,Laki-Laki
Werdoyo,Laki-Laki
Wibby,Laki-Laki
Wibi,Laki-Laki
Wibiksana,Laki-Laki
Wibisana,Laki-Laki
Wibisono,Laki-Laki
Wibowo,Laki-Laki
Wibowo,Laki-Laki
Wicaksono,Laki-Laki
Wicaksono,Laki-Laki
Widagdo,Laki-Laki
Widan,Laki-Laki
Widji,Laki-Laki
Widodo,Laki-Laki
Widura,Laki-Laki
Widyatmoko,Laki-Laki
Wigasmada,Laki-Laki
Wijana,Laki-Laki
Wijanarko,Laki-Laki
Wijaya,Laki-Laki
Wiji,Laki-Laki
Wilaga,Laki-Laki
Wildan,Laki-Laki
Wildanu,Laki-Laki
Wildarta,Laki-Laki
Wilmar,Laki-Laki
Winata,Laki-Laki
Winoto,Laki-Laki
Winoto,Laki-Laki
Wira,Laki-Laki
Wiraditya,Laki-Laki
Wiranto,Laki-Laki
Wiranugraha,Laki-Laki
Wirasatya,Laki-Laki
Wiratanika,Laki-Laki
Wirawan,Laki-Laki
Wirayudha,Laki-Laki
Wiro,Laki-Laki
Wiryasatya,Laki-Laki
Wisnu,Laki-Laki
Witono,Laki-Laki
Wiyata,Laki-Laki
Woko,Laki-Laki
Wrisaba,Laki-Laki
Wuryanto,Laki-Laki
Yadi,Laki-Laki
Yadie,Laki-Laki
Yahmar,Laki-Laki
Yahu,Laki-Laki
Yance,Laki-Laki
Yandhi,Laki-Laki
Yandi,Laki-Laki
Yanto,Laki-Laki
Yanuar,Laki-Laki
Yanwar,Laki-Laki
Yardi,Laki-Laki
Yaris,Laki-Laki
Yaswa,Laki-Laki
Yaya,Laki-Laki
Yayat,Laki-Laki
Yemi,Laki-Laki
Yiris,Laki-Laki
Yitno,Laki-Laki
Yodha,Laki-Laki
Yoga,Laki-Laki
Yogantara,Laki-Laki
Yohan,Laki-Laki
Yohanes,Laki-Laki
Yonis,Laki-Laki
Yuda,Laki-Laki
Yudanta,Laki-Laki
Yudhi,Laki-Laki
Yudi,Laki-Laki
Yudi,Laki-Laki
Yudith,Laki-Laki
Yugo,Laki-Laki
Yuliandi,Laki-Laki
Yulianto,Laki-Laki
Yulindar,Laki-Laki
Yunanto,Laki-Laki
Yunantoro,Laki-Laki
Yunus,Laki-Laki
Yurandi,Laki-Laki
Yuslan,Laki-Laki
Yusrizal,Laki-Laki
Yustisio,Laki-Laki
Yuswo,Laki-Laki
Yuwan,Laki-Laki
Yuwana,Laki-Laki
Yuwawira,Laki-Laki
Yuwono,Laki-Laki
Zachari,Laki-Laki
Zachri,Laki-Laki
Zaenal,Laki-Laki
Zaggi,Laki-Laki
Zahran,Laki-Laki
Zaidan,Laki-Laki
Zan,Laki-Laki
Zay,Laki-Laki
Zeno,Laki-Laki
Zhaka,Laki-Laki
Zhan,Laki-Laki
Zidan,Laki-Laki
Ziddan,Laki-Laki
Zidney,Laki-Laki
Zidni,Laki-Laki
Zidny,Laki-Laki
Zie,Laki-Laki
Zildhan,Laki-Laki
Zoffy,Laki-Laki
Zulkarnaen,Laki-Laki
Zulkarnain,Laki-Laki
Abel,Perempuan
Aci,Perempuan
Aci,Perempuan
Ade,Perempuan
Adelisa,Perempuan
Adelissya,Perempuan
Adina,Perempuan
Adinah,Perempuan
Adinda,Perempuan
Adinda,Perempuan
Adinta,Perempuan
Adisa,Perempuan
Adisya,Perempuan
Adlin,Perempuan
Adlina,Perempuan
Aeni,Perempuan
Aghni,Perempuan
Agni,Perempuan
Agnis,Perempuan
Agnita,Perempuan
Agniya,Perempuan
Agridayanti,Perempuan
Agusta,Perempuan
Agustin,Perempuan
Agustina,Perempuan
Ahya,Perempuan
Aida,Perempuan
Aila,Perempuan
Ailani,Perempuan
Aini,Perempuan
Aini,Perempuan
Aini,Perempuan
Ainul,Perempuan
Ais,Perempuan
Aisa,Perempuan
Aisyah,Perempuan
Aitana,Perempuan
Ajeng,Perempuan
Akbarwati,Perempuan
Akila,Perempuan
Alaiza,Perempuan
Aleya,Perempuan
Aleyya,Perempuan
Aliendra,Perempuan
Alifia,Perempuan
Alika,Perempuan
Alika,Perempuan
Alikha,Perempuan
Alila,Perempuan
Alin,Perempuan
Alisa,Perempuan
Alisandra,Perempuan
Alissandra,Perempuan
Alke,Perempuan
Alraisha,Perempuan
Aluyah,Perempuan
Alva,Perempuan
Alva,Perempuan
Alya,Perempuan
Alyandra,Perempuan
Alyssandra,Perempuan
Amalia,Perempuan
Amande,Perempuan
Amarita,Perempuan
Ambaruruti,Perempuan
Ambarwati,Perempuan
Amelia,Perempuan
Ami,Perempuan
Amina,Perempuan
Aminah,Perempuan
Amlia,Perempuan
Ana,Perempuan
Ananda,Perempuan
Ananditha,Perempuan
Anata,Perempuan
Andini,Perempuan
Anditi,Perempuan
Aneu,Perempuan
Angel,Perempuan
Anggarawati,Perempuan
Anggarini,Perempuan
Anggawati,Perempuan
Anggi,Perempuan
Anggia,Perempuan
Anggiana,Perempuan
Anggiana,Perempuan
Anggita,Perempuan
Anggraeni,Perempuan
Anggraini,Perempuan
Anggrainy,Perempuan
Anggreini,Perempuan
Anggri,Perempuan
Ani,Perempuan
Ani,Perempuan
Anidea,Perempuan
Aninda,Perempuan
Anindha,Perempuan
Anindhita,Perempuan
Anindhita,Perempuan
Anindita,Perempuan
Aninditha,Perempuan
Anindra,Perempuan
Anisa,Perempuan
Anisa,Perempuan
Anita,Perempuan
Anita,Perempuan
Anitasari,Perempuan
Anjani,Perempuan
Anjelina,Perempuan
Annastia,Perempuan
Anne,Perempuan
Anon,Perempuan
Antasari,Perempuan
Anti,Perempuan
Antika,Perempuan
Any,Perempuan
Anya,Perempuan
April,Perempuan
Aprilia,Perempuan
Apriliani,Perempuan
Aqueeni,Perempuan
Aquene,Perempuan
Arandra,Perempuan
Ardenia,Perempuan
Ardhanareswari,Perempuan
Ardhiona,Perempuan
Ardina,Perempuan
Arianti,Perempuan
Ariestinova,Perempuan
Arina,Perempuan
Ariyani,Perempuan
Ariyanti,Perempuan
Arniayati,Perempuan
Arom,Perempuan
Arshinta,Perempuan
Artati,Perempuan
Artha,Perempuan
Arti,Perempuan
Arti,Perempuan
Artsanty,Perempuan
Arty,Perempuan
Arum,Perempuan
Arum,Perempuan
Arumi,Perempuan
Arundaya,Perempuan
Aryanti,Perempuan
Aryati,Perempuan
Aryesti,Perempuan
Arzetti,Perempuan
Ashami,Perempuan
Ashri,Perempuan
Aslani,Perempuan
Asliani,Perempuan
Asmara,Perempuan
Asmaradhana,Perempuan
Asmarawati,Perempuan
Asmirah,Perempuan
Asmiyati,Perempuan
Asmoro,Perempuan
Asri,Perempuan
Asrida,Perempuan
Astar,Perempuan
Astari,Perempuan
Astarina,Perempuan
Astarini,Perempuan
Aster,Perempuan
Asterini,Perempuan
Asterini,Perempuan
Asti,Perempuan
Asti,Perempuan
Astra,Perempuan
Astri,Perempuan
Astri,Perempuan
Astrid,Perempuan
Astrie,Perempuan
Astrinda,Perempuan
Astrini,Perempuan
Asty,Perempuan
Asyarani,Perempuan
Ati,Perempuan
Ati,Perempuan
Atik,Perempuan
Atika,Perempuan
Atin,Perempuan
Aufaa,Perempuan
Aulia,Perempuan
Auliasyifa,Perempuan
Aurelia,Perempuan
Aurum,Perempuan
Avi,Perempuan
Avrel,Perempuan
Awlia,Perempuan
Ayda,Perempuan
Ayi,Perempuan
Ayi,Perempuan
Ayu,Perempuan
Ayu,Perempuan
Ayu,Perempuan
Ayudhya,Perempuan
Ayudia,Perempuan
Ayundari,Perempuan
Ayunindya,Perempuan
Ayunita,Perempuan
Ayushita,Perempuan
Ayutami,Perempuan
Azalia,Perempuan
Aziziawati,Perempuan
Azkatia,Perempuan
Azzalia,Perempuan
Bandriya,Perempuan
Banowati,Perempuan
Banur,Perempuan
Basundari,Perempuan
Beka,Perempuan
Bening,Perempuan
Berlian,Perempuan
Berliana,Perempuan
Berliani,Perempuan
Berlynn,Perempuan
Berta,Perempuan
Berty,Perempuan
Beta,Perempuan
Bethari,Perempuan
Betty,Perempuan
Biandari,Perempuan
Bianta,Perempuan
Biantari,Perempuan
Bibit,Perempuan
Bidara,Perempuan
Bidari,Perempuan
Bidur,Perempuan
Biduri,Perempuan
Binar,Perempuan
Binari,Perempuan
Bintang,Perempuan
Bintang,Perempuan
Bintarti,Perempuan
Boni,Perempuan
Bonita,Perempuan
Briliant,Perempuan
Budhiarti,Perempuan
Budiarti,Perempuan
Budiati,Perempuan
Budiwati,Perempuan
Budiyani,Perempuan
Bulan,Perempuan
Bulan,Perempuan
Bulan,Perempuan
Bulan,Perempuan
Bunga,Perempuan
Bunga,Perempuan
Cahaya,Perempuan
Cahaya,Perempuan
Cahyani,Perempuan
Calista,Perempuan
Camar,Perempuan
Camelia,Perempuan
Camelia,Perempuan
Canayya,Perempuan
Candini,Perempuan
Candra,Perempuan
Candrasari,Perempuan
Candrika,Perempuan
Cantik,Perempuan
Cantik,Perempuan
Cantika,Perempuan
Cantikha,Perempuan
Cantique,Perempuan
Caya,Perempuan
Cayani,Perempuan
Celi,Perempuan
Cempaka,Perempuan
Cenik,Perempuan
Chairani,Perempuan
Chandani,Perempuan
Chandrawinata,Perempuan
Chantika,Perempuan
Chantiqa,Perempuan
Chindy,Perempuan
Chintami,Perempuan
Cindri,Perempuan
Cindy,Perempuan
Cindy,Perempuan
Cinta,Perempuan
Cintania,Perempuan
Cinte,Perempuan
Cinte,Perempuan
Cipta,Perempuan
Ciptantri,Perempuan
Citra,Perempuan
Citrananda,Perempuan
Cut,Perempuan
Cykanika,Perempuan
Daesy,Perempuan
Dahayu,Perempuan
Dahlia,Perempuan
Dahlia,Perempuan
Dainty,Perempuan
Daisy,Perempuan
Dalila,Perempuan
Dana,Perempuan
Dani,Perempuan
Dania,Perempuan
Danisa,Perempuan
Danisha,Perempuan
Daniza,Perempuan
Dara,Perempuan
Dartina,Perempuan
Daryani,Perempuan
Dassy,Perempuan
Davira,Perempuan
Dayndra,Perempuan
Dayu,Perempuan
Dea,Perempuan
Deanisa,Perempuan
Deasy,Perempuan
Deavi,Perempuan
Decy,Perempuan
Deeana,Perempuan
Defa,Perempuan
Defaira,Perempuan
Defara,Perempuan
Defika,Perempuan
Della,Perempuan
Desak,Perempuan
Desanti,Perempuan
Deshinta,Perempuan
Desi,Perempuan
Desi,Perempuan
Desinta,Perempuan
Desiyanti,Perempuan
Desmiranda,Perempuan
Dessy,Perempuan
Dessyana,Perempuan
Destin,Perempuan
Desvi,Perempuan
Deswita,Perempuan
Desy,Perempuan
Detrie,Perempuan
Detya,Perempuan
Devi,Perempuan
Devi,Perempuan
Devia,Perempuan
Devianti,Perempuan
Devika,Perempuan
Devika,Perempuan
Devina,Perempuan
Devina,Perempuan
Devinta,Perempuan
Devio,Perempuan
Deviyanti,Perempuan
Devy,Perempuan
Devya,Perempuan
Dewati,Perempuan
Dewi,Perempuan
Dewi,Perempuan
Dewi,Perempuan
Dewihera,Perempuan
Dewinda,Perempuan
Dhafitha,Perempuan
Dhea,Perempuan
Dhesy,Perempuan
Dhia,Perempuan
Dhina,Perempuan
Dhuhayu,Perempuan
Diah,Perempuan
Diah,Perempuan
Diah,Perempuan
Dian,Perempuan
Dian,Perempuan
Diana,Perempuan
Diana,Perempuan
Diana,Perempuan
Diannova,Perempuan
Dianova,Perempuan
Dien,Perempuan
Dieni,Perempuan
Dieta,Perempuan
Dihyan,Perempuan
Diksa,Perempuan
Dina,Perempuan
Dinaya,Perempuan
Dinaya,Perempuan
Dinda,Perempuan
Dista,Perempuan
Distya,Perempuan
Dita,Perempuan
Ditta,Perempuan
Divanisa,Perempuan
Diyah,Perempuan
Diyandra,Perempuan
Diyandra,Perempuan
Dodo,Perempuan
Dona,Perempuan
Dora,Perempuan
Douce,Perempuan
Dwi,Perempuan
Dwi,Perempuan
Dwijayanti,Perempuan
Dwikania,Perempuan
Dwikaniya,Perempuan
Dwinda,Perempuan
Dwisa,Perempuan
Dwitya,Perempuan
Dyan,Perempuan
Dyandra,Perempuan
Eca,Perempuan
Ecca,Perempuan
Eda,Perempuan
Edil,Perempuan
Ega,Perempuan
Eggy,Perempuan
Egidiana,Perempuan
Eka,Perempuan
Eka,Perempuan
Ekanidya,Perempuan
Ekarini,Perempuan
Ekawati,Perempuan
Ela,Perempuan
Elia,Perempuan
Eliya,Perempuan
Elnawati,Perempuan
Elnisa,Perempuan
Elok,Perempuan
Elsa,Perempuan
Elsa,Perempuan
Elva,Perempuan
Elvani,Perempuan
Elvina,Perempuan
Elzavira,Perempuan
Ema,Perempuan
Emalia,Perempuan
Emas,Perempuan
Embun,Perempuan
Embun,Perempuan
Emil,Perempuan
Empati,Perempuan
Endah,Perempuan
Endina,Perempuan
Enggar,Perempuan
Engkar,Perempuan
Enny,Perempuan
Enung,Perempuan
Eny,Perempuan
Eria,Perempuan
Eriani,Perempuan
Erin,Perempuan
Erinna,Perempuan
Erlina,Perempuan
Erni,Perempuan
Erniana,Perempuan
Erniawati,Perempuan
Erry,Perempuan
Ersya,Perempuan
Ervana,Perempuan
Ervani,Perempuan
Ervi,Perempuan
Erviana,Perempuan
Ervina,Perempuan
Ervinna,Perempuan
Estiyani,Perempuan
Estu,Perempuan
Eti,Perempuan
Euis,Perempuan
Evianti,Perempuan
Evy,Perempuan
Fahra,Perempuan
Fahrya,Perempuan
Faiza,Perempuan
Fanesha,Perempuan
Fani,Perempuan
Faniza,Perempuan
Fanny,Perempuan
Fany,Perempuan
Fany,Perempuan
Fara,Perempuan
Faradila,Perempuan
Faradilla,Perempuan
Farah,Perempuan
Farida,Perempuan
Farlen,Perempuan
Fatarani,Perempuan
Fatma,Perempuan
Fatmasari,Perempuan
Fatmawati,Perempuan
Fausta,Perempuan
Fayza,Perempuan
Febrian,Perempuan
Febriana,Perempuan
Febriani,Perempuan
Febrianty,Perempuan
Febrina,Perempuan
Febry,Perempuan
Feby,Perempuan
Felicia,Perempuan
Felicia,Perempuan
Fellicia,Perempuan
Feni,Perempuan
Fenny,Perempuan
Fenty,Perempuan
Feny,Perempuan
Ferawati,Perempuan
Ferliana,Perempuan
Ferlina,Perempuan
Ferliyana,Perempuan
Fermata,Perempuan
Ferranti,Perempuan
Ferwati,Perempuan
Fibi,Perempuan
Fifi,Perempuan
Fika,Perempuan
Fimanda,Perempuan
Finna,Perempuan
Fiolisa,Perempuan
Fiona,Perempuan
Fira,Perempuan
Firda,Perempuan
Firsa,Perempuan
Firsyarefi,Perempuan
Firza,Perempuan
Fita,Perempuan
Fitrah,Perempuan
Fitri,Perempuan
Fitria,Perempuan
Fitriani,Perempuan
Fitriyawati,Perempuan
Foni,Perempuan
Fransisca,Perempuan
Frasya,Perempuan
Frea,Perempuan
Freea,Perempuan
Freny,Perempuan
Frida,Perempuan
Fridianty,Perempuan
Friezkha,Perempuan
Frisa,Perempuan
Frisca,Perempuan
Frischa,Perempuan
Friska,Perempuan
Fristia,Perempuan
Fristiya,Perempuan
Futeri,Perempuan
Gadis,Perempuan
Gadisa,Perempuan
Gadish,Perempuan
Gadiza,Perempuan
Gadiza,Perempuan
Gaizka,Perempuan
Galuh,Perempuan
Gandasuli,Perempuan
Gayuh,Perempuan
Gema,Perempuan
Ghaizka,Perempuan
Ghin,Perempuan
Ghina,Perempuan
Ghina,Perempuan
Gina,Perempuan
Gina,Perempuan
Gisaka,Perempuan
Giska,Perempuan
Gita,Perempuan
Giyanti,Perempuan
Gristi,Perempuan
Guefa,Perempuan
Gunarsih,Perempuan
Gunartika,Perempuan
Guritno,Perempuan
Guritno,Perempuan
Gya,Perempuan
Hadara,Perempuan
Hadasah,Perempuan
Hadianti,Perempuan
Hadiyanti,Perempuan
Halima,Perempuan
Hana,Perempuan
Hana,Perempuan
Hana,Perempuan
Hanania,Perempuan
Handani,Perempuan
Handayani,Perempuan
Handini,Perempuan
Hanesa,Perempuan
Hani,Perempuan
Hanindita,Perempuan
Hanjani,Perempuan
Hariana,Perempuan
Hariani,Perempuan
Harlina,Perempuan
Hartati,Perempuan
Harum,Perempuan
Harum,Perempuan
Hasita,Perempuan
Hasmawati,Perempuan
Hasna,Perempuan
Hati,Perempuan
Hawa,Perempuan
Helen,Perempuan
Helen,Perempuan
Helena,Perempuan
Hendiana,Perempuan
Hendrayani,Perempuan
Hendriati,Perempuan
Hendriawati,Perempuan
Hendriyani,Perempuan
Hening,Perempuan
Hennie,Perempuan
Henny,Perempuan
Heny,Perempuan
Hera,Perempuan
Herawati,Perempuan
Herlia,Perempuan
Herliyah,Perempuan
Hermawanti,Perempuan
Hermawati,Perempuan
Hermiyati,Perempuan
Herrawati,Perempuan
Hesti,Perempuan
Hestia,Perempuan
Hettie,Perempuan
Hidayati,Perempuan
Hijri,Perempuan
Hijriyah,Perempuan
Hilda,Perempuan
Hildawati,Perempuan
Hilna,Perempuan
Himaya,Perempuan
Huwaida,Perempuan
Ida,Perempuan
Ifah,Perempuan
Iffah,Perempuan
Iin,Perempuan
Iis,Perempuan
Ika,Perempuan
Ika,Perempuan
Ikabella,Perempuan
Ikhlasmi,Perempuan
Imaniar,Perempuan
Imanisa,Perempuan
Imannisa,Perempuan
Imelda,Perempuan
Ina,Perempuan
Inah,Perempuan
Inara,Perempuan
Inaranti,Perempuan
Indah,Perempuan
Indah,Perempuan
Indah,Perempuan
Indah,Perempuan
Indrarini,Perempuan
Indri,Perempuan
Indriani,Perempuan
Indrianti,Perempuan
Indryani,Perempuan
Ineke,Perempuan
Inez,Perempuan
Inge,Perempuan
Ingewati,Perempuan
Inggrid,Perempuan
Inggrid,Perempuan
Ingke,Perempuan
Innara,Perempuan
Inne,Perempuan
Inneke,Perempuan
Intan,Perempuan
Intan,Perempuan
Inten,Perempuan
Ipah,Perempuan
Iput,Perempuan
Ira,Perempuan
Ira,Perempuan
Ira,Perempuan
Iramaya,Perempuan
Irene,Perempuan
Irfani,Perempuan
Irfina,Perempuan
Irianti,Perempuan
Irma,Perempuan
Irma,Perempuan
Irmah,Perempuan
Irmawati,Perempuan
Irna,Perempuan
Irnawati,Perempuan
Is,Perempuan
Ishami,Perempuan
Ismawati,Perempuan
Ismayanti,Perempuan
Istara,Perempuan
Isthara,Perempuan
Isthiara,Perempuan
Istiara,Perempuan
Iswahyuti,Perempuan
Ita,Perempuan
Ita,Perempuan
Jani,Perempuan
Jany,Perempuan
Jazzell,Perempuan
Jean,Perempuan
Jelita,Perempuan
Jelita,Perempuan
Jenar,Perempuan
Jenifer,Perempuan
Jeniffer,Perempuan
Jenny,Perempuan
Jessi,Perempuan
Jingga,Perempuan
Jiwa,Perempuan
Julita,Perempuan
July,Perempuan
Jumantan,Perempuan
Juniar,Perempuan
Juwita,Perempuan
Kadarwati,Perempuan
Kade,Perempuan
Kadek,Perempuan
Kadi,Perempuan
Kadi,Perempuan
Kaila,Perempuan
Kailla,Perempuan
Kalista,Perempuan
Kalla,Perempuan
Kamaratih,Perempuan
Kamboja,Perempuan
Kamila,Perempuan
Kanaya,Perempuan
Kanaya,Perempuan
Kanayya,Perempuan
Kandella,Perempuan
Kandyta,Perempuan
Kani,Perempuan
Kania,Perempuan
Kanigara,Perempuan
Kaniya,Perempuan
Kanti,Perempuan
Kanty,Perempuan
Kapila,Perempuan
Karenia,Perempuan
Karihandayani,Perempuan
Karla,Perempuan
Karmila,Perempuan
Kartika,Perempuan
Kartika,Perempuan
Kartika,Perempuan
Karunia,Perempuan
Karuniasih,Perempuan
Kasih,Perempuan
Kasih,Perempuan
Kasmirah,Perempuan
Kasturi,Perempuan
Katy,Perempuan
Kedasih,Perempuan
Keizha,Perempuan
Kejora,Perempuan
Kemala,Perempuan
Kemala,Perempuan
Kemuning,Perempuan
Kenanga,Perempuan
Keyra,Perempuan
Keyza,Perempuan
Khadijah,Perempuan
Khadijjah,Perempuan
Khaira,Perempuan
Khairahmi,Perempuan
Khalista,Perempuan
Khansa,Perempuan
Khansania,Perempuan
Kharisma,Perempuan
Khatifah,Perempuan
Kholid,Perempuan
Kiki,Perempuan
Kiky,Perempuan
Kimi,Perempuan
Kimita,Perempuan
Kinandita,Perempuan
Kinanthi,Perempuan
Kinanti,Perempuan
Kinanti,Perempuan
Kinara,Perempuan
Kinaraisha,Perempuan
Kinarian,Perempuan
Kinaryosi,Perempuan
Kinasih,Perempuan
Kirana,Perempuan
Kirana,Perempuan
Kirana,Perempuan
Kirani,Perempuan
Kirania,Perempuan
Kirania,Perempuan
Kireina,Perempuan
Kireina,Perempuan
Kirey,Perempuan
Kireyna,Perempuan
Kiswati,Perempuan
Komala,Perempuan
Kori,Perempuan
Krisnawati,Perempuan
Kristanti,Perempuan
Kristi,Perempuan
Kristiani,Perempuan
Kristianty,Perempuan
Kristina,Perempuan
Kristina,Perempuan
Kristiyana,Perempuan
Kriswanti,Perempuan
Kukuh,Perempuan
Kumala,Perempuan
Kumala,Perempuan
Kunthi,Perempuan
Kuriana,Perempuan
Kurnia,Perempuan
Kurniasih,Perempuan
Kusbandiyah,Perempuan
Kusti,Perempuan
Kusuma,Perempuan
Kusuma,Perempuan
Kusumadewi,Perempuan
Kyrani,Perempuan
Ladia,Perempuan
Lady,Perempuan
Ladya,Perempuan
Ladya,Perempuan
Laida,Perempuan
Laksmi,Perempuan
Lala,Perempuan
Lalita,Perempuan
Lana,Perempuan
Langit,Perempuan
Lani,Perempuan
Laniwati,Perempuan
Laquitta,Perempuan
Lara,Perempuan
Laras,Perempuan
Laras,Perempuan
Larasati,Perempuan
Larasaty,Perempuan
Larisia,Perempuan
Lasini,Perempuan
Lasma,Perempuan
Lastri,Perempuan
Lasya,Perempuan
Laudy,Perempuan
Laudya,Perempuan
Laviska,Perempuan
Layalia,Perempuan
Layana,Perempuan
Layria,Perempuan
Layung,Perempuan
Lea,Perempuan
Legi,Perempuan
Leilani,Perempuan
Lelyana,Perempuan
Lembayung,Perempuan
Lembayung,Perempuan
Leni,Perempuan
Leona,Perempuan
Leoni,Perempuan
Lestari,Perempuan
Lia,Perempuan
Liana,Perempuan
Lianawati,Perempuan
Lianita,Perempuan
Lianita,Perempuan
Liany,Perempuan
Lidwina,Perempuan
Lidya,Perempuan
Lies,Perempuan
Lila,Perempuan
Lili,Perempuan
Lili,Perempuan
Liliani,Perempuan
Lilik,Perempuan
Lilis,Perempuan
Lily,Perempuan
Lily,Perempuan
Linawati,Perempuan
Linda,Perempuan
Lindung,Perempuan
Lintang,Perempuan
Lisa,Perempuan
Lisabrirana,Perempuan
Lisaira,Perempuan
Listiana,Perempuan
Listiarini,Perempuan
Listyani,Perempuan
Lita,Perempuan
Livia,Perempuan
Lodya,Perempuan
Lovely,Perempuan
Luas,Perempuan
Luckyana,Perempuan
Ludwina,Perempuan
Ludya,Perempuan
Lulu,Perempuan
Lulu,Perempuan
Luqiyana,Perempuan
Lusiana,Perempuan
Lusiyana,Perempuan
Lusyana,Perempuan
Maaya,Perempuan
Maejur,Perempuan
Maesa,Perempuan
Maesur,Perempuan
Mafelia,Perempuan
Mahadewi,Perempuan
Mahakartika,Perempuan
Mahameru,Perempuan
Maharani,Perempuan
Maharani,Perempuan
Maharani,Perempuan
Mahardian,Perempuan
Mahardiana,Perempuan
Mahisa,Perempuan
Mahran,Perempuan
Mai,Perempuan
Maia,Perempuan
Maizas,Perempuan
Mala,Perempuan
Maldina,Perempuan
Malina,Perempuan
Malinda,Perempuan
Manda,Perempuan
Manik,Perempuan
Mara,Perempuan
Maranata,Perempuan
Maranatha,Perempuan
Marchella,Perempuan
Mardayanti,Perempuan
Mardewi,Perempuan
Maria,Perempuan
Maria,Perempuan
Mariana,Perempuan
Mariawaty,Perempuan
Marina,Perempuan
Marini,Perempuan
Mariska,Perempuan
Marleni,Perempuan
Marsela,Perempuan
Marsela,Perempuan
Marshanda,Perempuan
Marshanda,Perempuan
Marsya,Perempuan
Martiana,Perempuan
Martini,Perempuan
Mary,Perempuan
Masithah,Perempuan
Masitoh,Perempuan
Matahari,Perempuan
Maulia,Perempuan
Maulinda,Perempuan
Mawar,Perempuan
Maya,Perempuan
Maya,Perempuan
Mayana,Perempuan
Mayang,Perempuan
Mayangkara,Perempuan
Mayanti,Perempuan
Mayasari,Perempuan
Mayrizka,Perempuan
Median,Perempuan
Mediana,Perempuan
Mega,Perempuan
Megapurnama,Perempuan
Megarani,Perempuan
Mehrunnisa,Perempuan
Mei,Perempuan
Meiga,Perempuan
Meigi,Perempuan
Meisy,Perempuan
Meita,Perempuan
Meitiningsih,Perempuan
Meitiningsih,Perempuan
Melani,Perempuan
Melati,Perempuan
Melina,Perempuan
Mellinda,Perempuan
Melly,Perempuan
Melly,Perempuan
Melvi,Perempuan
Mely,Perempuan
Menik,Perempuan
Mentari,Perempuan
Meriam,Perempuan
Meriem,Perempuan
Merita,Perempuan
Merpati,Perempuan
Merry,Perempuan
Mesi,Perempuan
Meta,Perempuan
Meutia,Perempuan
Mey,Perempuan
Meydita,Perempuan
Meylan,Perempuan
Meylani,Perempuan
Meymey,Perempuan
Meyrisa,Perempuan
Mheita,Perempuan
Mia,Perempuan
Mieke,Perempuan
Mike,Perempuan
Minata,Perempuan
Minati,Perempuan
Mirah,Perempuan
Miranti,Perempuan
Mirna,Perempuan
Mita,Perempuan
Mitha,Perempuan
Mlathi,Perempuan
Molek,Perempuan
Mona,Perempuan
Monic,Perempuan
Moza,Perempuan
Mozza,Perempuan
Muharani,Perempuan
Muharni,Perempuan
Mujur,Perempuan
Mulan,Perempuan
Muliya,Perempuan
Muliyani,Perempuan
Muliyawati,Perempuan
Mulus,Perempuan
Mulyani,Perempuan
Mulyaningsih,Perempuan
Mulyawati,Perempuan
Murani,Perempuan
Murdiana,Perempuan
Murni,Perempuan
Murwani,Perempuan
Muryani,Perempuan
Musicka,Perempuan
Musthofa,Perempuan
Mustika,Perempuan
Mustika,Perempuan
Mustikasari,Perempuan
Mustikawati,Perempuan
Musuki,Perempuan
Muthi,Perempuan
Muthia,Perempuan
Mutiara,Perempuan
Muwarni,Perempuan
Mylla,Perempuan
Nada,Perempuan
Nadia,Perempuan
Nadia,Perempuan
Nadila,Perempuan
Nadila,Perempuan
Nadilla,Perempuan
Nadine,Perempuan
Nadira,Perempuan
Nadya,Perempuan
Nadya,Perempuan
Nadyla,Perempuan
Nafisah,Perempuan
Nagita,Perempuan
Naia,Perempuan
Naimara,Perempuan
Nana,Perempuan
Nancy,Perempuan
Nandaryani,Perempuan
Nandhita,Perempuan
Nandya,Perempuan
Nandyra,Perempuan
Nani,Perempuan
Nanik,Perempuan
Nanung,Perempuan
Nany,Perempuan
Nareswari,Perempuan
Nariswari,Perempuan
Natalia,Perempuan
Natalia,Perempuan
Navalia,Perempuan
Naveesha,Perempuan
Nawa,Perempuan
Nawangsasi,Perempuan
Nawangwulan,Perempuan
Naya,Perempuan
Naya,Perempuan
Nayandra,Perempuan
Naylia,Perempuan
Naysa,Perempuan
Nayya,Perempuan
Nayyara,Perempuan
Nda,Perempuan
Ndari,Perempuan
Neifalanita,Perempuan
Nenden,Perempuan
Neneng,Perempuan
Nenon,Perempuan
Netta,Perempuan
Netti,Perempuan
Nettie,Perempuan
Netty,Perempuan
Nia,Perempuan
Nia,Perempuan
Nia,Perempuan
Niandra,Perempuan
Niela,Perempuan
Niken,Perempuan
Niken,Perempuan
Nila,Perempuan
Nila,Perempuan
Nilam,Perempuan
Nilam,Perempuan
Nilawati,Perempuan
Nimas,Perempuan
Nina,Perempuan
Ningrum,Perempuan
Ningsih,Perempuan
Nini,Perempuan
Nini,Perempuan
Ninik,Perempuan
Ninuk,Perempuan
Niranthy,Perempuan
Nirina,Perempuan
Nirmahda,Perempuan
Nirmala,Perempuan
Nisa,Perempuan
Nisa,Perempuan
Nisa',Perempuan
Nita,Perempuan
Nita,Perempuan
Nita,Perempuan
Nitami,Perempuan
Nofita,Perempuan
Nola,Perempuan
Nonik,Perempuan
Nopi,Perempuan
Nopy,Perempuan
Nouval,Perempuan
Nova,Perempuan
Nova,Perempuan
Nova,Perempuan
Novalind,Perempuan
Novalinda,Perempuan
Novalita,Perempuan
Novarina,Perempuan
Novarini,Perempuan
Nove,Perempuan
Novel,Perempuan
Novel,Perempuan
Novela,Perempuan
Noverina,Perempuan
Novi,Perempuan
Noviana,Perempuan
Novianti,Perempuan
Novianty,Perempuan
Novie,Perempuan
Novita,Perempuan
Novitasari,Perempuan
Novy,Perempuan
Nta,Perempuan
Nuansa,Perempuan
Nunik,Perempuan
Nur,Perempuan
Nur,Perempuan
Nur'Aini,Perempuan
Nuraeni,Perempuan
Nuraini,Perempuan
Nurani,Perempuan
Nurani,Perempuan
Nurhayati,Perempuan
Nurhidayati,Perempuan
Nuri,Perempuan
Nurindahsari,Perempuan
Nurkhayati,Perempuan
Nurlela,Perempuan
Nurliana,Perempuan
Nurlina,Perempuan
Nurlinda,Perempuan
Nurmaditya,Perempuan
Nurmala,Perempuan
Nurmillah,Perempuan
Nurry,Perempuan
Nursida,Perempuan
Nurul,Perempuan
Nurul,Perempuan
Nurwasita,Perempuan
Nurwulan,Perempuan
Nuryani,Perempuan
Nyala,Perempuan
Nyimas,Perempuan
Nyna,Perempuan
Obit,Perempuan
Oktarian,Perempuan
Oktavia,Perempuan
Oktavia,Perempuan
Oktaviana,Perempuan
Oktaviani,Perempuan
Oktaviani,Perempuan
Oktaviasari,Perempuan
Okti,Perempuan
Oktin,Perempuan
Oktina,Perempuan
Olga,Perempuan
Olin,Perempuan
Otih,Perempuan
Ovi,Perempuan
Ovit,Perempuan
Padma,Perempuan
Padusi,Perempuan
Pandhita,Perempuan
Parahita,Perempuan
Paramadina,Perempuan
Paramaditha,Perempuan
Paramita,Perempuan
Paramita,Perempuan
Paramita,Perempuan
Paramita,Perempuan
Paramitha,Perempuan
Pastika,Perempuan
Pauline,Perempuan
Peggy,Perempuan
Pelangi,Perempuan
Peni,Perempuan
Penny,Perempuan
Perdana,Perempuan
Permata,Perempuan
Permata,Perempuan
Permata Hati,Perempuan
Perry,Perempuan
Persik,Perempuan
Pertiwi,Perempuan
Pia,Perempuan
Pilar,Perempuan
Pinda,Perempuan
Pitra,Perempuan
Pitri,Perempuan
Pitria,Perempuan
Poppy,Perempuan
Pramesthi,Perempuan
Pramesty,Perempuan
Pramestyaningrum,Perempuan
Prameswari,Perempuan
Prameswati,Perempuan
Pramitha,Perempuan
Pramudita,Perempuan
Pranacitra,Perempuan
Pratiwi,Perempuan
Priantina,Perempuan
Pribadi,Perempuan
Prima,Perempuan
Primesty,Perempuan
Prisilia,Perempuan
Pritha,Perempuan
Priyanti,Perempuan
Pualam,Perempuan
Pudi,Perempuan
Puja,Perempuan
Puja,Perempuan
Puji,Perempuan
Pujiastuti,Perempuan
Puput,Perempuan
Puput,Perempuan
Purbani,Perempuan
Purwanti,Perempuan
Puspa,Perempuan
Puspa,Perempuan
Puspa,Perempuan
Puspandari,Perempuan
Pusparani,Perempuan
Puspasari,Perempuan
Puspita,Perempuan
Puspita,Perempuan
Puspitasari,Perempuan
Pustaka,Perempuan
Pustika,Perempuan
Puteri,Perempuan
Puti,Perempuan
Putri,Perempuan
Putri,Perempuan
Putriandani,Perempuan
Qaf,Perempuan
Queena,Perempuan
Quinta,Perempuan
Ra'Isa,Perempuan
Rachma,Perempuan
Rachmadiba,Perempuan
Rachmadina,Perempuan
Rae,Perempuan
Raelani,Perempuan
Raelina,Perempuan
Rafa,Perempuan
Rafalisa,Perempuan
Rafalisha,Perempuan
Rafasya,Perempuan
Rafasyah,Perempuan
Raffasy,Perempuan
Rafika,Perempuan
Rafsanjani,Perempuan
Rahayu,Perempuan
Rahma,Perempuan
Rahma,Perempuan
Rahma,Perempuan
Rahmadiba,Perempuan
Rahmadina,Perempuan
Rahmati,Perempuan
Rahmaulidia,Perempuan
Rahmawati,Perempuan
Rahmayani,Perempuan
Raiana,Perempuan
Raina,Perempuan
Raina,Perempuan
Raisa,Perempuan
Raisha,Perempuan
Rakna,Perempuan
Raksi,Perempuan
Raline,Perempuan
Ramadniya,Perempuan
Ramah,Perempuan
Ramah,Perempuan
Ramana,Perempuan
Ramania,Perempuan
Ramaniya,Perempuan
Ramayani,Perempuan
Ramayanti,Perempuan
Raminah,Perempuan
Rana,Perempuan
Rani,Perempuan
Rani,Perempuan
Rania,Perempuan
Rannu,Perempuan
Ranny,Perempuan
Ranti,Perempuan
Ranu,Perempuan
Ranu,Perempuan
Rany,Perempuan
Raras,Perempuan
Rarasati,Perempuan
Rasamala,Perempuan
Rasmina,Perempuan
Rasti,Perempuan
Rasty,Perempuan
Ratna,Perempuan
Ratna,Perempuan
Ratnamaya,Perempuan
Ratnawati,Perempuan
Ratno,Perempuan
Ratno,Perempuan
Ratri,Perempuan
Raudha,Perempuan
Ravabia,Perempuan
Raya,Perempuan
Raya,Perempuan
Rayana,Perempuan
Rayanaa,Perempuan
Rayani,Perempuan
Rayanna,Perempuan
Rayni,Perempuan
Reandra,Perempuan
Refa,Perempuan
Refalina,Perempuan
Refania,Perempuan
Refasya,Perempuan
Regina,Perempuan
Regina,Perempuan
Registra,Perempuan
Regita,Perempuan
Rema,Perempuan
Rembuk,Perempuan
Rembulan,Perempuan
Rena,Perempuan
Renata,Perempuan
Renata,Perempuan
Reni,Perempuan
Reni,Perempuan
Renita,Perempuan
Rennah,Perempuan
Rennie,Perempuan
Renti,Perempuan
Reny,Perempuan
Resti,Perempuan
Resty,Perempuan
Retno,Perempuan
Reva,Perempuan
Reva,Perempuan
Revalina,Perempuan
Reveline,Perempuan
Revita,Perempuan
Revitra,Perempuan
Reysha,Perempuan
Rhaya,Perempuan
Rhea,Perempuan
Ria,Perempuan
Ria,Perempuan
Rialina,Perempuan
Riana,Perempuan
Riani,Perempuan
Rianti,Perempuan
Riantina,Perempuan
Rianty,Perempuan
Riany,Perempuan
Rias,Perempuan
Riatri,Perempuan
Rifayani,Perempuan
Rifayya,Perempuan
Rika,Perempuan
Rika,Perempuan
Rima,Perempuan
Rima,Perempuan
Rina,Perempuan
Rina,Perempuan
Rinawati,Perempuan
Rindang,Perempuan
Rindu,Perempuan
Rini,Perempuan
Rini,Perempuan
Rini,Perempuan
Rinia,Perempuan
Rinne,Perempuan
Riri,Perempuan
Riries,Perempuan
Ririn,Perempuan
Ririn,Perempuan
Riris,Perempuan
Riris,Perempuan
Risa,Perempuan
Risma,Perempuan
Rismadhanti,Perempuan
Ristani,Perempuan
Ristia,Perempuan
Rita,Perempuan
Rita,Perempuan
Rita,Perempuan
Rivania,Perempuan
Rivayani,Perempuan
Riyanti,Perempuan
Rizkha,Perempuan
Rizma,Perempuan
Rizqiyah,Perempuan
Roafana Wa`Afina,Perempuan
Rofina,Perempuan
Rohana,Perempuan
Rohanah,Perempuan
Rohani,Perempuan
Rohmawati,Perempuan
Romansa,Perempuan
Rondise,Perempuan
Rosa,Perempuan
Roslia,Perempuan
Rosmala,Perempuan
Rosmalia,Perempuan
Rosmana,Perempuan
Rosmauli,Perempuan
Rosmini,Perempuan
Rostianum,Perempuan
Rostina,Perempuan
Rozelly,Perempuan
Ruah,Perempuan
Rubiah,Perempuan
Rukmini,Perempuan
Rumanisa,Perempuan
Rusdina,Perempuan
Rusidawaty,Perempuan
Rusmayanti,Perempuan
Ryani,Perempuan
Ryanti,Perempuan
Sadin,Perempuan
Sadina,Perempuan
Saffana,Perempuan
Safira,Perempuan
Safira,Perempuan
Sahaya,Perempuan
Sahda,Perempuan
Sahdu,Perempuan
Sahira,Perempuan
Sahoya,Perempuan
Sahya,Perempuan
Saidah,Perempuan
Saka,Perempuan
Sakanti,Perempuan
Salsabila,Perempuan
Salsabila,Perempuan
Sandra,Perempuan
Santi,Perempuan
Santi,Perempuan
Santie,Perempuan
Saputri,Perempuan
Sarah,Perempuan
Sarastiti,Perempuan
Sarastri,Perempuan
Saraswati,Perempuan
Saraswati,Perempuan
Sari,Perempuan
Sari,Perempuan
Sari,Perempuan
Sari,Perempuan
Sarinah,Perempuan
Sarmini,Perempuan
Sartika,Perempuan
Sasa,Perempuan
Sasi,Perempuan
Sasikirana,Perempuan
Saskia,Perempuan
Saskia,Perempuan
Sasya,Perempuan
Satriana,Perempuan
Satriani,Perempuan
Satriany,Perempuan
Satsinaristasari,Perempuan
Savira,Perempuan
Savyra,Perempuan
Sayang,Perempuan
Sayidah,Perempuan
Segar,Perempuan
Seger,Perempuan
Sejati,Perempuan
Sekar,Perempuan
Sekarputri,Perempuan
Selara,Perempuan
Selasih,Perempuan
Sendiri,Perempuan
Senja,Perempuan
Sentiani,Perempuan
Septa,Perempuan
Septi,Perempuan
Septi,Perempuan
Septialika,Perempuan
Septiana,Perempuan
Septiani,Perempuan
Septy,Perempuan
Septya,Perempuan
Septyana,Perempuan
Septyani,Perempuan
Seruni,Perempuan
Setyaningsih,Perempuan
Shafiqa,Perempuan
Shareefa,Perempuan
Shareeva,Perempuan
Sheilafia,Perempuan
Shine,Perempuan
Shinta,Perempuan
Shintha,Perempuan
Shita,Perempuan
Sifabella,Perempuan
Silfi,Perempuan
Silvia,Perempuan
Singarimbun,Perempuan
Sinta,Perempuan
Sintiya,Perempuan
Siska,Perempuan
Sistha,Perempuan
Siwi,Perempuan
Sofa,Perempuan
Sofea,Perempuan
Sofhie,Perempuan
Sofie,Perempuan
Solaria,Perempuan
Sonya,Perempuan
Srengenge,Perempuan
Sri,Perempuan
Sri,Perempuan
Srimaladewi,Perempuan
Sriwahyuni,Perempuan
Sriyono,Perempuan
Steffanie,Perempuan
Suarsi,Perempuan
Suci,Perempuan
Suci,Perempuan
Sudiar,Perempuan
Suhair,Perempuan
Suhairoh,Perempuan
Suharni,Perempuan
Suhartini,Perempuan
Suhesi,Perempuan
Sujatmi,Perempuan
Sukesi,Perempuan
Sukma,Perempuan
Sumiarsih,Perempuan
Sunarsih,Perempuan
Sundari,Perempuan
Suniarsih,Perempuan
Sunya,Perempuan
Sunyaruri,Perempuan
Surachmin,Perempuan
Suris,Perempuan
Suryani,Perempuan
Susan,Perempuan
Susan,Perempuan
Susanti,Perempuan
Susanty,Perempuan
Susi,Perempuan
Susi,Perempuan
Susilawati,Perempuan
Susiyanti,Perempuan
Sustiwi,Perempuan
Sutanti,Perempuan
Sutra,Perempuan
Sutriah,Perempuan
Suwita,Perempuan
Swasti,Perempuan
Syaffa,Perempuan
Syaffana,Perempuan
Syahidah,Perempuan
Syahieda,Perempuan
Syahla,Perempuan
Syaidah,Perempuan
Syair,Perempuan
Syaira,Perempuan
Syifanadia,Perempuan
Syivanadia,Perempuan
Sylfi,Perempuan
Syofia,Perempuan
Syuryani,Perempuan
Tabir,Perempuan
Talar,Perempuan
Talenta,Perempuan
Talita,Perempuan
Tamara,Perempuan
Tami,Perempuan
Tanalin,Perempuan
Tania,Perempuan
Tara,Perempuan
Tari,Perempuan
Taritiya,Perempuan
Tatik,Perempuan
Teduh,Perempuan
Teratai,Perempuan
Tes,Perempuan
Tesa,Perempuan
Tessa,Perempuan
Tessa,Perempuan
Tessi,Perempuan
Teten,Perempuan
Thaya,Perempuan
Tia,Perempuan
Tiara,Perempuan
Tiara,Perempuan
Tiara,Perempuan
Tias,Perempuan
Timur,Perempuan
Tina,Perempuan
Tina,Perempuan
Tini,Perempuan
Tining,Perempuan
Tira,Perempuan
Tira,Perempuan
Tirta,Perempuan
Tirtamaya,Perempuan
Tita,Perempuan
Tita,Perempuan
Titha,Perempuan
Titi,Perempuan
Titie,Perempuan
Titik,Perempuan
Titik,Perempuan
Titisari,Perempuan
Tiyasa,Perempuan
Totok,Perempuan
Tri,Perempuan
Tri,Perempuan
Tria,Perempuan
Trini,Perempuan
Tusilawati,Perempuan
Tuti,Perempuan
Tutik,Perempuan
Tya,Perempuan
Tyas,Perempuan
Tyas,Perempuan
Uci,Perempuan
Udayani,Perempuan
Ulfa,Perempuan
Ulianisa,Perempuan
Ulva,Perempuan
Ulvana,Perempuan
Umi,Perempuan
Umiyati,Perempuan
Ungu,Perempuan
Urianti,Perempuan
Uta,Perempuan
Utami,Perempuan
Utara,Perempuan
Utari,Perempuan
Utari,Perempuan
Ute,Perempuan
Utpala,Perempuan
Valen,Perempuan
Vallen,Perempuan
Vanda,Perempuan
Vania,Perempuan
Vanny,Perempuan
Vany,Perempuan
Vee,Perempuan
Veivie,Perempuan
Velannie,Perempuan
Veloxa,Perempuan
Ventila,Perempuan
Vera,Perempuan
Verawati,Perempuan
Verena,Perempuan
Verina,Perempuan
Verni,Perempuan
Vicki,Perempuan
Vie,Perempuan
Villia,Perempuan
Vina,Perempuan
Vina,Perempuan
Vini,Perempuan
Vinni,Perempuan
Viona,Perempuan
Virni,Perempuan
Virsyareffi,Perempuan
Virzarefi,Perempuan
Virzarepi,Perempuan
Vita,Perempuan
Vita,Perempuan
Vitasha,Perempuan
Vivi,Perempuan
Vivian,Perempuan
Viviana,Perempuan
Viyona,Perempuan
Vonny,Perempuan
Vony,Perempuan
Wahyuni,Perempuan
Wahyuni,Perempuan
Waiduri,Perempuan
Walet,Perempuan
Wanda,Perempuan
Wanda,Perempuan
Wangi,Perempuan
Wanodya,Perempuan
Warsita,Perempuan
Warta,Perempuan
Wawa,Perempuan
Wawat,Perempuan
Wendy,Perempuan
Weni,Perempuan
Wening,Perempuan
Wenny,Perempuan
Weny,Perempuan
Werdiningsih,Perempuan
Wewen,Perempuan
Wida,Perempuan
Widaria,Perempuan
Widasari,Perempuan
Widhasari,Perempuan
Widia,Perempuan
Widita,Perempuan
Widiyaningsih,Perempuan
Widuri,Perempuan
Widya,Perempuan
Widya,Perempuan
Widya,Perempuan
Widyadana,Perempuan
Widyadhani,Perempuan
Widyaningrum,Perempuan
Widyo,Perempuan
Wiendy,Perempuan
Wigati,Perempuan
Wijayanti,Perempuan
Wijdaja,Perempuan
Wilda,Perempuan
Wildania,Perempuan
Wilis,Perempuan
Wilsa,Perempuan
Winarni,Perempuan
Winarno,Perempuan
Winata,Perempuan
Winda,Perempuan
Windriya,Perempuan
Windyasti,Perempuan
Wini,Perempuan
Winni,Perempuan
Winny,Perempuan
Winny,Perempuan
Winny,Perempuan
Wirastri,Perempuan
Wita,Perempuan
Wiwik,Perempuan
Wiwin,Perempuan
Wiwit,Perempuan
Wiyanti,Perempuan
Wiyasih,Perempuan
Wiyati,Perempuan
Woro,Perempuan
Wulan,Perempuan
Wulandari,Perempuan
Wulandari,Perempuan
Wuri,Perempuan
Wursita,Perempuan
Xandra,Perempuan
Xandra,Perempuan
Xenia,Perempuan
Yani,Perempuan
Yania,Perempuan
Yanik,Perempuan
Yanti,Perempuan
Yanti,Perempuan
Yantina,Perempuan
Yasmin,Perempuan
Yasmin,Perempuan
Yasmin,Perempuan
Yatiningsih,Perempuan
Yekti,Perempuan
Yelvita,Perempuan
Yenni,Perempuan
Yenny,Perempuan
Yeny,Perempuan
Yesa,Perempuan
Yesha,Perempuan
Yesifa,Perempuan
Yetty,Perempuan
Yiris,Perempuan
Yneke,Perempuan
Yohana,Perempuan
Yolanda,Perempuan
Yolanita,Perempuan
Yovita,Perempuan
Yuki,Perempuan
Yuki,Perempuan
Yuli,Perempuan
Yuli,Perempuan
Yulia,Perempuan
Yuliani,Perempuan
Yulianti,Perempuan
Yulianti,Perempuan
Yulianti,Perempuan
Yuliasari,Perempuan
Yuliawati,Perempuan
Yuliwati,Perempuan
Yunani,Perempuan
Yunarti,Perempuan
Yuni,Perempuan
Yuni,Perempuan
Yuni,Perempuan
Yuni,Perempuan
Yuniarti,Perempuan
Yunike,Perempuan
Yuniki,Perempuan
Yuningsih,Perempuan
Yunita,Perempuan
Yunita,Perempuan
Yurike,Perempuan
Yus,Perempuan
Yusi,Perempuan
Yusie,Perempuan
Yussy,Perempuan
Yustia,Perempuan
Yustisi,Perempuan
Yustisia,Perempuan
Yuyun,Perempuan
Yuyun,Perempuan
Zagita,Perempuan
Zahara,Perempuan
Zahrotussita,Perempuan
Zainiza,Perempuan
Zalika,Perempuan
Zalka,Perempuan
Zamrud,Perempuan
Zarina,Perempuan
Zidni,Perempuan
Zita,Perempuan
Zitni,Perempuan
Zuadah,Perempuan
